1f600,GRINNING FACE
1f601,GRINNING FACE WITH SMILING EYES
1f602,FACE WITH TEARS OF JOY
1f603,SMILING FACE WITH OPEN MOUTH
1f604,SMILING FACE WITH OPEN MOUTH AND SMILING EYES
1f605,SMILING FACE WITH OPEN MOUTH AND COLD SWEAT
1f606,SMILING FACE WITH OPEN MOUTH AND TIGHTLY-CLOSED EYES
1f609,WINKING FACE
1f60a,SMILING FACE WITH SMILING EYES
1f60b,FACE SAVOURING DELICIOUS FOOD
1f60e,SMILING FACE WITH SUNGLASSES
1f60d,SMILING FACE WITH HEART-SHAPED EYES
1f618,FACE THROWING A KISS
1f617,KISSING FACE
1f619,KISSING FACE WITH SMILING EYES
1f61a,KISSING FACE WITH CLOSED EYES
263a,WHITE SMILING FACE<br>≊ smiling face
1f642,SLIGHTLY SMILING FACE
1f917,HUGGING FACE
1f914,THINKING FACE
1f610,NEUTRAL FACE
1f611,EXPRESSIONLESS FACE
1f636,FACE WITHOUT MOUTH
1f644,FACE WITH ROLLING EYES
1f60f,SMIRKING FACE
1f623,PERSEVERING FACE
1f625,DISAPPOINTED BUT RELIEVED FACE
1f62e,FACE WITH OPEN MOUTH
1f910,ZIPPER-MOUTH FACE
1f62f,HUSHED FACE
1f62a,SLEEPY FACE
1f62b,TIRED FACE
1f634,SLEEPING FACE
1f60c,RELIEVED FACE
1f913,NERD FACE
1f61b,FACE WITH STUCK-OUT TONGUE
1f61c,FACE WITH STUCK-OUT TONGUE AND WINKING EYE
1f61d,FACE WITH STUCK-OUT TONGUE AND TIGHTLY-CLOSED EYES
1f612,UNAMUSED FACE
1f613,FACE WITH COLD SWEAT
1f614,PENSIVE FACE
1f615,CONFUSED FACE
1f643,UPSIDE-DOWN FACE
1f911,MONEY-MOUTH FACE
1f632,ASTONISHED FACE
2639,WHITE FROWNING FACE<br>≊ frowning face
1f641,SLIGHTLY FROWNING FACE
1f616,CONFOUNDED FACE
1f61e,DISAPPOINTED FACE
1f61f,WORRIED FACE
1f624,FACE WITH LOOK OF TRIUMPH<br>≊ face with steam from nose
1f622,CRYING FACE
1f62d,LOUDLY CRYING FACE
1f626,FROWNING FACE WITH OPEN MOUTH
1f627,ANGUISHED FACE
1f628,FEARFUL FACE
1f629,WEARY FACE
1f62c,GRIMACING FACE
1f630,FACE WITH OPEN MOUTH AND COLD SWEAT
1f631,FACE SCREAMING IN FEAR
1f633,FLUSHED FACE
1f635,DIZZY FACE
1f621,POUTING FACE
1f620,ANGRY FACE
1f607,SMILING FACE WITH HALO
1f637,FACE WITH MEDICAL MASK
1f912,FACE WITH THERMOMETER
1f915,FACE WITH HEAD-BANDAGE
1f608,SMILING FACE WITH HORNS
1f47f,IMP
1f479,JAPANESE OGRE<br>≊ ogre
1f47a,JAPANESE GOBLIN<br>≊ goblin
1f480,SKULL
2620,SKULL AND CROSSBONES
1f47b,GHOST
1f47d,EXTRATERRESTRIAL ALIEN<br>≊ alien
1f47e,ALIEN MONSTER
1f916,ROBOT FACE
1f4a9,PILE OF POO
1f63a,SMILING CAT FACE WITH OPEN MOUTH
1f638,GRINNING CAT FACE WITH SMILING EYES
1f639,CAT FACE WITH TEARS OF JOY
1f63b,SMILING CAT FACE WITH HEART-SHAPED EYES
1f63c,CAT FACE WITH WRY SMILE
1f63d,KISSING CAT FACE WITH CLOSED EYES
1f640,WEARY CAT FACE
1f63f,CRYING CAT FACE
1f63e,POUTING CAT FACE
1f648,SEE-NO-EVIL MONKEY<br>≊ see-no-evil
1f649,HEAR-NO-EVIL MONKEY<br>≊ hear-no-evil
1f64a,SPEAK-NO-EVIL MONKEY<br>≊ speak-no-evil
1f466,BOY
1f466_1f3fb,Boy, type-1-2
1f466_1f3fc,Boy, type-3
1f466_1f3fd,Boy, type-4
1f466_1f3fe,Boy, type-5
1f466_1f3ff,Boy, type-6
1f467,GIRL
1f467_1f3fb,Girl, type-1-2
1f467_1f3fc,Girl, type-3
1f467_1f3fd,Girl, type-4
1f467_1f3fe,Girl, type-5
1f467_1f3ff,Girl, type-6
1f468,MAN
1f468_1f3fb,Man, type-1-2
1f468_1f3fc,Man, type-3
1f468_1f3fd,Man, type-4
1f468_1f3fe,Man, type-5
1f468_1f3ff,Man, type-6
1f469,WOMAN
1f469_1f3fb,Woman, type-1-2
1f469_1f3fc,Woman, type-3
1f469_1f3fd,Woman, type-4
1f469_1f3fe,Woman, type-5
1f469_1f3ff,Woman, type-6
1f474,OLDER MAN<br>≊ old man
1f474_1f3fb,Older man, type-1-2
1f474_1f3fc,Older man, type-3
1f474_1f3fd,Older man, type-4
1f474_1f3fe,Older man, type-5
1f474_1f3ff,Older man, type-6
1f475,OLDER WOMAN<br>≊ old woman
1f475_1f3fb,Older woman, type-1-2
1f475_1f3fc,Older woman, type-3
1f475_1f3fd,Older woman, type-4
1f475_1f3fe,Older woman, type-5
1f475_1f3ff,Older woman, type-6
1f476,BABY
1f476_1f3fb,Baby, type-1-2
1f476_1f3fc,Baby, type-3
1f476_1f3fd,Baby, type-4
1f476_1f3fe,Baby, type-5
1f476_1f3ff,Baby, type-6
1f47c,BABY ANGEL
1f47c_1f3fb,Baby angel, type-1-2
1f47c_1f3fc,Baby angel, type-3
1f47c_1f3fd,Baby angel, type-4
1f47c_1f3fe,Baby angel, type-5
1f47c_1f3ff,Baby angel, type-6
1f471,PERSON WITH BLOND HAIR
1f471_1f3fb,Person with blond hair, type-1-2
1f471_1f3fc,Person with blond hair, type-3
1f471_1f3fd,Person with blond hair, type-4
1f471_1f3fe,Person with blond hair, type-5
1f471_1f3ff,Person with blond hair, type-6
1f46e,POLICE OFFICER
1f46e_1f3fb,Police officer, type-1-2
1f46e_1f3fc,Police officer, type-3
1f46e_1f3fd,Police officer, type-4
1f46e_1f3fe,Police officer, type-5
1f46e_1f3ff,Police officer, type-6
1f472,MAN WITH GUA PI MAO<br>≊ man with chinese cap
1f472_1f3fb,Man with gua pi mao, type-1-2
1f472_1f3fc,Man with gua pi mao, type-3
1f472_1f3fd,Man with gua pi mao, type-4
1f472_1f3fe,Man with gua pi mao, type-5
1f472_1f3ff,Man with gua pi mao, type-6
1f473,MAN WITH TURBAN
1f473_1f3fb,Man with turban, type-1-2
1f473_1f3fc,Man with turban, type-3
1f473_1f3fd,Man with turban, type-4
1f473_1f3fe,Man with turban, type-5
1f473_1f3ff,Man with turban, type-6
1f477,CONSTRUCTION WORKER
1f477_1f3fb,Construction worker, type-1-2
1f477_1f3fc,Construction worker, type-3
1f477_1f3fd,Construction worker, type-4
1f477_1f3fe,Construction worker, type-5
1f477_1f3ff,Construction worker, type-6
1f478,PRINCESS
1f478_1f3fb,Princess, type-1-2
1f478_1f3fc,Princess, type-3
1f478_1f3fd,Princess, type-4
1f478_1f3fe,Princess, type-5
1f478_1f3ff,Princess, type-6
1f482,GUARDSMAN
1f482_1f3fb,Guardsman, type-1-2
1f482_1f3fc,Guardsman, type-3
1f482_1f3fd,Guardsman, type-4
1f482_1f3fe,Guardsman, type-5
1f482_1f3ff,Guardsman, type-6
1f575,SLEUTH OR SPY<br>≊ detective
1f575_1f3fb,Sleuth or spy, type-1-2
1f575_1f3fc,Sleuth or spy, type-3
1f575_1f3fd,Sleuth or spy, type-4
1f575_1f3fe,Sleuth or spy, type-5
1f575_1f3ff,Sleuth or spy, type-6
1f385,FATHER CHRISTMAS<br>≊ santa claus
1f385_1f3fb,Father christmas, type-1-2
1f385_1f3fc,Father christmas, type-3
1f385_1f3fd,Father christmas, type-4
1f385_1f3fe,Father christmas, type-5
1f385_1f3ff,Father christmas, type-6
1f470,BRIDE WITH VEIL
1f470_1f3fb,Bride with veil, type-1-2
1f470_1f3fc,Bride with veil, type-3
1f470_1f3fd,Bride with veil, type-4
1f470_1f3fe,Bride with veil, type-5
1f470_1f3ff,Bride with veil, type-6
1f486,FACE MASSAGE
1f486_1f3fb,Face massage, type-1-2
1f486_1f3fc,Face massage, type-3
1f486_1f3fd,Face massage, type-4
1f486_1f3fe,Face massage, type-5
1f486_1f3ff,Face massage, type-6
1f487,HAIRCUT
1f487_1f3fb,Haircut, type-1-2
1f487_1f3fc,Haircut, type-3
1f487_1f3fd,Haircut, type-4
1f487_1f3fe,Haircut, type-5
1f487_1f3ff,Haircut, type-6
1f64d,PERSON FROWNING
1f64d_1f3fb,Person frowning, type-1-2
1f64d_1f3fc,Person frowning, type-3
1f64d_1f3fd,Person frowning, type-4
1f64d_1f3fe,Person frowning, type-5
1f64d_1f3ff,Person frowning, type-6
1f64e,PERSON WITH POUTING FACE<br>≊ person pouting
1f64e_1f3fb,Person with pouting face, type-1-2
1f64e_1f3fc,Person with pouting face, type-3
1f64e_1f3fd,Person with pouting face, type-4
1f64e_1f3fe,Person with pouting face, type-5
1f64e_1f3ff,Person with pouting face, type-6
1f645,FACE WITH NO GOOD GESTURE<br>≊ gesturing no
1f645_1f3fb,Face with no good gesture, type-1-2
1f645_1f3fc,Face with no good gesture, type-3
1f645_1f3fd,Face with no good gesture, type-4
1f645_1f3fe,Face with no good gesture, type-5
1f645_1f3ff,Face with no good gesture, type-6
1f646,FACE WITH OK GESTURE<br>≊ gesturing ok
1f646_1f3fb,Face with ok gesture, type-1-2
1f646_1f3fc,Face with ok gesture, type-3
1f646_1f3fd,Face with ok gesture, type-4
1f646_1f3fe,Face with ok gesture, type-5
1f646_1f3ff,Face with ok gesture, type-6
1f481,INFORMATION DESK PERSON
1f481_1f3fb,Information desk person, type-1-2
1f481_1f3fc,Information desk person, type-3
1f481_1f3fd,Information desk person, type-4
1f481_1f3fe,Information desk person, type-5
1f481_1f3ff,Information desk person, type-6
1f64b,HAPPY PERSON RAISING ONE HAND<br>≊ happy person raising hand
1f64b_1f3fb,Happy person raising one hand, type-1-2
1f64b_1f3fc,Happy person raising one hand, type-3
1f64b_1f3fd,Happy person raising one hand, type-4
1f64b_1f3fe,Happy person raising one hand, type-5
1f64b_1f3ff,Happy person raising one hand, type-6
1f647,PERSON BOWING DEEPLY<br>≊ person bowing
1f647_1f3fb,Person bowing deeply, type-1-2
1f647_1f3fc,Person bowing deeply, type-3
1f647_1f3fd,Person bowing deeply, type-4
1f647_1f3fe,Person bowing deeply, type-5
1f647_1f3ff,Person bowing deeply, type-6
1f6b6,PEDESTRIAN
1f6b6_1f3fb,Pedestrian, type-1-2
1f6b6_1f3fc,Pedestrian, type-3
1f6b6_1f3fd,Pedestrian, type-4
1f6b6_1f3fe,Pedestrian, type-5
1f6b6_1f3ff,Pedestrian, type-6
1f3c3,RUNNER
1f3c3_1f3fb,Runner, type-1-2
1f3c3_1f3fc,Runner, type-3
1f3c3_1f3fd,Runner, type-4
1f3c3_1f3fe,Runner, type-5
1f3c3_1f3ff,Runner, type-6
1f483,DANCER
1f483_1f3fb,Dancer, type-1-2
1f483_1f3fc,Dancer, type-3
1f483_1f3fd,Dancer, type-4
1f483_1f3fe,Dancer, type-5
1f483_1f3ff,Dancer, type-6
1f46f,WOMAN WITH BUNNY EARS<br>≊ women partying
1f574,MAN IN BUSINESS SUIT LEVITATING
1f5e3,SPEAKING HEAD IN SILHOUETTE<br>≊ speaking head
1f464,BUST IN SILHOUETTE
1f465,BUSTS IN SILHOUETTE
1f46b,MAN AND WOMAN HOLDING HANDS
1f46c,TWO MEN HOLDING HANDS
1f46d,TWO WOMEN HOLDING HANDS
1f48f,KISS
1f469_200d_2764_fe0f_200d_1f48b_200d_1f468,Kiss: WOMAN, MAN
1f468_200d_2764_fe0f_200d_1f48b_200d_1f468,Kiss: MAN, MAN
1f469_200d_2764_fe0f_200d_1f48b_200d_1f469,Kiss: WOMAN, WOMAN
1f491,COUPLE WITH HEART
1f469_200d_2764_fe0f_200d_1f468,Couple with heart: WOMAN, MAN
1f468_200d_2764_fe0f_200d_1f468,Couple with heart: MAN, MAN
1f469_200d_2764_fe0f_200d_1f469,Couple with heart: WOMAN, WOMAN
1f46a,FAMILY
1f468_200d_1f469_200d_1f466,Family: MAN, WOMAN, BOY
1f468_200d_1f469_200d_1f467,Family: MAN, WOMAN, GIRL
1f468_200d_1f469_200d_1f467_200d_1f466,Family: MAN, WOMAN, GIRL, BOY
1f468_200d_1f469_200d_1f466_200d_1f466,Family: MAN, WOMAN, BOY, BOY
1f468_200d_1f469_200d_1f467_200d_1f467,Family: MAN, WOMAN, GIRL, GIRL
1f468_200d_1f468_200d_1f466,Family: MAN, MAN, BOY
1f468_200d_1f468_200d_1f467,Family: MAN, MAN, GIRL
1f468_200d_1f468_200d_1f467_200d_1f466,Family: MAN, MAN, GIRL, BOY
1f468_200d_1f468_200d_1f466_200d_1f466,Family: MAN, MAN, BOY, BOY
1f468_200d_1f468_200d_1f467_200d_1f467,Family: MAN, MAN, GIRL, GIRL
1f469_200d_1f469_200d_1f466,Family: WOMAN, WOMAN, BOY
1f469_200d_1f469_200d_1f467,Family: WOMAN, WOMAN, GIRL
1f469_200d_1f469_200d_1f467_200d_1f466,Family: WOMAN, WOMAN, GIRL, BOY
1f469_200d_1f469_200d_1f466_200d_1f466,Family: WOMAN, WOMAN, BOY, BOY
1f469_200d_1f469_200d_1f467_200d_1f467,Family: WOMAN, WOMAN, GIRL, GIRL
1f3fb,EMOJI MODIFIER FITZPATRICK TYPE-1-2<br>≊ skin type-1-2
1f3fc,EMOJI MODIFIER FITZPATRICK TYPE-3<br>≊ skin type-3
1f3fd,EMOJI MODIFIER FITZPATRICK TYPE-4<br>≊ skin type-4
1f3fe,EMOJI MODIFIER FITZPATRICK TYPE-5<br>≊ skin type-5
1f3ff,EMOJI MODIFIER FITZPATRICK TYPE-6<br>≊ skin type-6
1f4aa,FLEXED BICEPS
1f4aa_1f3fb,Flexed biceps, type-1-2
1f4aa_1f3fc,Flexed biceps, type-3
1f4aa_1f3fd,Flexed biceps, type-4
1f4aa_1f3fe,Flexed biceps, type-5
1f4aa_1f3ff,Flexed biceps, type-6
1f448,WHITE LEFT POINTING BACKHAND INDEX<br>≊ backhand index pointing left
1f448_1f3fb,White left pointing backhand index, type-1-2
1f448_1f3fc,White left pointing backhand index, type-3
1f448_1f3fd,White left pointing backhand index, type-4
1f448_1f3fe,White left pointing backhand index, type-5
1f448_1f3ff,White left pointing backhand index, type-6
1f449,WHITE RIGHT POINTING BACKHAND INDEX<br>≊ backhand index pointing right
1f449_1f3fb,White right pointing backhand index, type-1-2
1f449_1f3fc,White right pointing backhand index, type-3
1f449_1f3fd,White right pointing backhand index, type-4
1f449_1f3fe,White right pointing backhand index, type-5
1f449_1f3ff,White right pointing backhand index, type-6
261d,WHITE UP POINTING INDEX<br>≊ index pointing up
261d_1f3fb,White up pointing index, type-1-2
261d_1f3fc,White up pointing index, type-3
261d_1f3fd,White up pointing index, type-4
261d_1f3fe,White up pointing index, type-5
261d_1f3ff,White up pointing index, type-6
1f446,WHITE UP POINTING BACKHAND INDEX<br>≊ backhand index pointing up
1f446_1f3fb,White up pointing backhand index, type-1-2
1f446_1f3fc,White up pointing backhand index, type-3
1f446_1f3fd,White up pointing backhand index, type-4
1f446_1f3fe,White up pointing backhand index, type-5
1f446_1f3ff,White up pointing backhand index, type-6
1f595,REVERSED HAND WITH MIDDLE FINGER EXTENDED<br>≊ middle finger
1f595_1f3fb,Reversed hand with middle finger extended, type-1-2
1f595_1f3fc,Reversed hand with middle finger extended, type-3
1f595_1f3fd,Reversed hand with middle finger extended, type-4
1f595_1f3fe,Reversed hand with middle finger extended, type-5
1f595_1f3ff,Reversed hand with middle finger extended, type-6
1f447,WHITE DOWN POINTING BACKHAND INDEX<br>≊ backhand index pointing down
1f447_1f3fb,White down pointing backhand index, type-1-2
1f447_1f3fc,White down pointing backhand index, type-3
1f447_1f3fd,White down pointing backhand index, type-4
1f447_1f3fe,White down pointing backhand index, type-5
1f447_1f3ff,White down pointing backhand index, type-6
270c,VICTORY HAND
270c_1f3fb,Victory hand, type-1-2
270c_1f3fc,Victory hand, type-3
270c_1f3fd,Victory hand, type-4
270c_1f3fe,Victory hand, type-5
270c_1f3ff,Victory hand, type-6
1f596,RAISED HAND WITH PART BETWEEN MIDDLE AND RING FINGERS<br>≊ vulcan salute
1f596_1f3fb,Raised hand with part between middle and ring fingers, type-1-2
1f596_1f3fc,Raised hand with part between middle and ring fingers, type-3
1f596_1f3fd,Raised hand with part between middle and ring fingers, type-4
1f596_1f3fe,Raised hand with part between middle and ring fingers, type-5
1f596_1f3ff,Raised hand with part between middle and ring fingers, type-6
1f918,SIGN OF THE HORNS
1f918_1f3fb,Sign of the horns, type-1-2
1f918_1f3fc,Sign of the horns, type-3
1f918_1f3fd,Sign of the horns, type-4
1f918_1f3fe,Sign of the horns, type-5
1f918_1f3ff,Sign of the horns, type-6
1f590,RAISED HAND WITH FINGERS SPLAYED
1f590_1f3fb,Raised hand with fingers splayed, type-1-2
1f590_1f3fc,Raised hand with fingers splayed, type-3
1f590_1f3fd,Raised hand with fingers splayed, type-4
1f590_1f3fe,Raised hand with fingers splayed, type-5
1f590_1f3ff,Raised hand with fingers splayed, type-6
270b,RAISED HAND
270b_1f3fb,Raised hand, type-1-2
270b_1f3fc,Raised hand, type-3
270b_1f3fd,Raised hand, type-4
270b_1f3fe,Raised hand, type-5
270b_1f3ff,Raised hand, type-6
1f44c,OK HAND SIGN<br>≊ ok hand
1f44c_1f3fb,Ok hand sign, type-1-2
1f44c_1f3fc,Ok hand sign, type-3
1f44c_1f3fd,Ok hand sign, type-4
1f44c_1f3fe,Ok hand sign, type-5
1f44c_1f3ff,Ok hand sign, type-6
1f44d,THUMBS UP SIGN<br>≊ thumbs up
1f44d_1f3fb,Thumbs up sign, type-1-2
1f44d_1f3fc,Thumbs up sign, type-3
1f44d_1f3fd,Thumbs up sign, type-4
1f44d_1f3fe,Thumbs up sign, type-5
1f44d_1f3ff,Thumbs up sign, type-6
1f44e,THUMBS DOWN SIGN<br>≊ thumbs down
1f44e_1f3fb,Thumbs down sign, type-1-2
1f44e_1f3fc,Thumbs down sign, type-3
1f44e_1f3fd,Thumbs down sign, type-4
1f44e_1f3fe,Thumbs down sign, type-5
1f44e_1f3ff,Thumbs down sign, type-6
270a,RAISED FIST
270a_1f3fb,Raised fist, type-1-2
270a_1f3fc,Raised fist, type-3
270a_1f3fd,Raised fist, type-4
270a_1f3fe,Raised fist, type-5
270a_1f3ff,Raised fist, type-6
1f44a,FISTED HAND SIGN<br>≊ oncoming fist
1f44a_1f3fb,Fisted hand sign, type-1-2
1f44a_1f3fc,Fisted hand sign, type-3
1f44a_1f3fd,Fisted hand sign, type-4
1f44a_1f3fe,Fisted hand sign, type-5
1f44a_1f3ff,Fisted hand sign, type-6
1f44b,WAVING HAND SIGN<br>≊ waving hand
1f44b_1f3fb,Waving hand sign, type-1-2
1f44b_1f3fc,Waving hand sign, type-3
1f44b_1f3fd,Waving hand sign, type-4
1f44b_1f3fe,Waving hand sign, type-5
1f44b_1f3ff,Waving hand sign, type-6
1f44f,CLAPPING HANDS SIGN<br>≊ clapping hands
1f44f_1f3fb,Clapping hands sign, type-1-2
1f44f_1f3fc,Clapping hands sign, type-3
1f44f_1f3fd,Clapping hands sign, type-4
1f44f_1f3fe,Clapping hands sign, type-5
1f44f_1f3ff,Clapping hands sign, type-6
270d,WRITING HAND
270d_1f3fb,Writing hand, type-1-2
270d_1f3fc,Writing hand, type-3
270d_1f3fd,Writing hand, type-4
270d_1f3fe,Writing hand, type-5
270d_1f3ff,Writing hand, type-6
1f450,OPEN HANDS SIGN<br>≊ open hands
1f450_1f3fb,Open hands sign, type-1-2
1f450_1f3fc,Open hands sign, type-3
1f450_1f3fd,Open hands sign, type-4
1f450_1f3fe,Open hands sign, type-5
1f450_1f3ff,Open hands sign, type-6
1f64c,PERSON RAISING BOTH HANDS IN CELEBRATION<br>≊ person raising hands
1f64c_1f3fb,Person raising both hands in celebration, type-1-2
1f64c_1f3fc,Person raising both hands in celebration, type-3
1f64c_1f3fd,Person raising both hands in celebration, type-4
1f64c_1f3fe,Person raising both hands in celebration, type-5
1f64c_1f3ff,Person raising both hands in celebration, type-6
1f64f,PERSON WITH FOLDED HANDS<br>≊ folded hands
1f64f_1f3fb,Person with folded hands, type-1-2
1f64f_1f3fc,Person with folded hands, type-3
1f64f_1f3fd,Person with folded hands, type-4
1f64f_1f3fe,Person with folded hands, type-5
1f64f_1f3ff,Person with folded hands, type-6
1f485,NAIL POLISH
1f485_1f3fb,Nail polish, type-1-2
1f485_1f3fc,Nail polish, type-3
1f485_1f3fd,Nail polish, type-4
1f485_1f3fe,Nail polish, type-5
1f485_1f3ff,Nail polish, type-6
1f442,EAR
1f442_1f3fb,Ear, type-1-2
1f442_1f3fc,Ear, type-3
1f442_1f3fd,Ear, type-4
1f442_1f3fe,Ear, type-5
1f442_1f3ff,Ear, type-6
1f443,NOSE
1f443_1f3fb,Nose, type-1-2
1f443_1f3fc,Nose, type-3
1f443_1f3fd,Nose, type-4
1f443_1f3fe,Nose, type-5
1f443_1f3ff,Nose, type-6
1f463,FOOTPRINTS
1f440,EYES
1f441,EYE
1f441_200d_1f5e8,EYE, LEFT SPEECH BUBBLE<br>≊ eye in speech bubble
1f445,TONGUE
1f444,MOUTH
1f48b,KISS MARK
1f498,HEART WITH ARROW
2764,HEAVY BLACK HEART<br>≊ red heart
1f493,BEATING HEART
1f494,BROKEN HEART
1f495,TWO HEARTS
1f496,SPARKLING HEART
1f497,GROWING HEART
1f499,BLUE HEART
1f49a,GREEN HEART
1f49b,YELLOW HEART
1f49c,PURPLE HEART
1f49d,HEART WITH RIBBON
1f49e,REVOLVING HEARTS
1f49f,HEART DECORATION
2763,HEAVY HEART EXCLAMATION MARK ORNAMENT
1f48c,LOVE LETTER
1f4a4,SLEEPING SYMBOL<br>≊ zzz
1f4a2,ANGER SYMBOL
1f4a3,BOMB
1f4a5,COLLISION SYMBOL<br>≊ collision
1f4a6,SPLASHING SWEAT SYMBOL<br>≊ sweat droplets
1f4a8,DASH SYMBOL<br>≊ dashing
1f4ab,DIZZY SYMBOL<br>≊ dizzy
1f4ac,SPEECH BALLOON
1f5e8,LEFT SPEECH BUBBLE
1f5ef,RIGHT ANGER BUBBLE
1f4ad,THOUGHT BALLOON
1f573,HOLE
1f453,EYEGLASSES<br>≊ glasses
1f576,DARK SUNGLASSES<br>≊ sunglasses
1f454,NECKTIE
1f455,T-SHIRT
1f456,JEANS
1f457,DRESS
1f458,KIMONO
1f459,BIKINI
1f45a,WOMANS CLOTHES<br>≊ woman’s clothes
1f45b,PURSE
1f45c,HANDBAG
1f45d,POUCH
1f6cd,SHOPPING BAGS
1f392,SCHOOL SATCHEL<br>≊ school backpack
1f45e,MANS SHOE<br>≊ man’s shoe
1f45f,ATHLETIC SHOE<br>≊ running shoe
1f460,HIGH-HEELED SHOE
1f461,WOMANS SANDAL<br>≊ woman’s sandal
1f462,WOMANS BOOTS<br>≊ woman’s boot
1f451,CROWN
1f452,WOMANS HAT<br>≊ woman’s hat
1f3a9,TOP HAT
1f393,GRADUATION CAP
26d1,HELMET WITH WHITE CROSS
1f4ff,PRAYER BEADS
1f484,LIPSTICK
1f48d,RING
1f48e,GEM STONE
1f435,MONKEY FACE
1f412,MONKEY
1f436,DOG FACE
1f415,DOG
1f429,POODLE
1f43a,WOLF FACE
1f431,CAT FACE
1f408,CAT
1f981,LION FACE
1f42f,TIGER FACE
1f405,TIGER
1f406,LEOPARD
1f434,HORSE FACE
1f40e,HORSE
1f984,UNICORN FACE
1f42e,COW FACE
1f402,OX
1f403,WATER BUFFALO
1f404,COW
1f437,PIG FACE
1f416,PIG
1f417,BOAR
1f43d,PIG NOSE
1f40f,RAM
1f411,SHEEP
1f410,GOAT
1f42a,DROMEDARY CAMEL<br>≊ camel
1f42b,BACTRIAN CAMEL<br>≊ two-hump camel
1f418,ELEPHANT
1f42d,MOUSE FACE
1f401,MOUSE
1f400,RAT
1f439,HAMSTER FACE
1f430,RABBIT FACE
1f407,RABBIT
1f43f,CHIPMUNK
1f43b,BEAR FACE
1f428,KOALA
1f43c,PANDA FACE
1f43e,PAW PRINTS
1f983,TURKEY
1f414,CHICKEN
1f413,ROOSTER
1f423,HATCHING CHICK
1f424,BABY CHICK
1f425,FRONT-FACING BABY CHICK
1f426,BIRD
1f427,PENGUIN
1f54a,DOVE OF PEACE<br>≊ dove
1f438,FROG FACE
1f40a,CROCODILE
1f422,TURTLE
1f40d,SNAKE
1f432,DRAGON FACE
1f409,DRAGON
1f433,SPOUTING WHALE
1f40b,WHALE
1f42c,DOLPHIN
1f41f,FISH
1f420,TROPICAL FISH
1f421,BLOWFISH
1f419,OCTOPUS
1f41a,SPIRAL SHELL
1f980,CRAB
1f40c,SNAIL
1f41b,BUG
1f41c,ANT
1f41d,HONEYBEE
1f41e,LADY BEETLE
1f577,SPIDER
1f578,SPIDER WEB
1f982,SCORPION
1f490,BOUQUET
1f338,CHERRY BLOSSOM
1f4ae,WHITE FLOWER
1f3f5,ROSETTE
1f339,ROSE
1f33a,HIBISCUS
1f33b,SUNFLOWER
1f33c,BLOSSOM
1f337,TULIP
1f331,SEEDLING
1f332,EVERGREEN TREE<br>≊ evergreen
1f333,DECIDUOUS TREE
1f334,PALM TREE
1f335,CACTUS
1f33e,EAR OF RICE<br>≊ sheaf of rice
1f33f,HERB
2618,SHAMROCK
1f340,FOUR LEAF CLOVER
1f341,MAPLE LEAF
1f342,FALLEN LEAF
1f343,LEAF FLUTTERING IN WIND
1f347,GRAPES
1f348,MELON
1f349,WATERMELON
1f34a,TANGERINE
1f34b,LEMON
1f34c,BANANA
1f34d,PINEAPPLE
1f34e,RED APPLE
1f34f,GREEN APPLE
1f350,PEAR
1f351,PEACH
1f352,CHERRIES
1f353,STRAWBERRY
1f345,TOMATO
1f346,AUBERGINE<br>≊ eggplant
1f33d,EAR OF MAIZE<br>≊ ear of corn
1f336,HOT PEPPER
1f344,MUSHROOM
1f330,CHESTNUT
1f35e,BREAD
1f9c0,CHEESE WEDGE
1f356,MEAT ON BONE
1f357,POULTRY LEG
1f354,HAMBURGER
1f35f,FRENCH FRIES
1f355,SLICE OF PIZZA<br>≊ pizza
1f32d,HOT DOG
1f32e,TACO
1f32f,BURRITO
1f373,COOKING
1f372,POT OF FOOD
1f37f,POPCORN
1f371,BENTO BOX
1f358,RICE CRACKER
1f359,RICE BALL
1f35a,COOKED RICE
1f35b,CURRY AND RICE<br>≊ curry rice
1f35c,STEAMING BOWL
1f35d,SPAGHETTI
1f360,ROASTED SWEET POTATO
1f362,ODEN
1f363,SUSHI
1f364,FRIED SHRIMP
1f365,FISH CAKE WITH SWIRL DESIGN<br>≊ fish cake with swirl
1f361,DANGO
1f366,SOFT ICE CREAM
1f367,SHAVED ICE
1f368,ICE CREAM
1f369,DOUGHNUT
1f36a,COOKIE
1f382,BIRTHDAY CAKE
1f370,SHORTCAKE
1f36b,CHOCOLATE BAR
1f36c,CANDY
1f36d,LOLLIPOP
1f36e,CUSTARD
1f36f,HONEY POT
1f37c,BABY BOTTLE
2615,HOT BEVERAGE
1f375,TEACUP WITHOUT HANDLE
1f376,SAKE BOTTLE AND CUP<br>≊ sake
1f37e,BOTTLE WITH POPPING CORK
1f377,WINE GLASS
1f378,COCKTAIL GLASS
1f379,TROPICAL DRINK
1f37a,BEER MUG
1f37b,CLINKING BEER MUGS
1f37d,FORK AND KNIFE WITH PLATE
1f374,FORK AND KNIFE
1f52a,HOCHO<br>≊ kitchen knife
1f3fa,AMPHORA
1f30d,EARTH GLOBE EUROPE-AFRICA<br>≊ globe showing europe-africa
1f30e,EARTH GLOBE AMERICAS<br>≊ globe showing americas
1f30f,EARTH GLOBE ASIA-AUSTRALIA<br>≊ globe showing asia-australia
1f310,GLOBE WITH MERIDIANS
1f5fa,WORLD MAP
1f5fe,SILHOUETTE OF JAPAN<br>≊ map of japan
1f3d4,SNOW CAPPED MOUNTAIN<br>≊ snow-capped mountain
26f0,MOUNTAIN
1f30b,VOLCANO
1f5fb,MOUNT FUJI
1f3d5,CAMPING
1f3d6,BEACH WITH UMBRELLA
1f3dc,DESERT
1f3dd,DESERT ISLAND
1f3de,NATIONAL PARK
1f3df,STADIUM
1f3db,CLASSICAL BUILDING
1f3d7,BUILDING CONSTRUCTION
1f3d8,HOUSE BUILDINGS
1f3d9,CITYSCAPE
1f3da,DERELICT HOUSE BUILDING
1f3e0,HOUSE BUILDING
1f3e1,HOUSE WITH GARDEN
1f3e2,OFFICE BUILDING
1f3e3,JAPANESE POST OFFICE
1f3e4,EUROPEAN POST OFFICE<br>≊ post office
1f3e5,HOSPITAL
1f3e6,BANK
1f3e8,HOTEL
1f3e9,LOVE HOTEL
1f3ea,CONVENIENCE STORE
1f3eb,SCHOOL
1f3ec,DEPARTMENT STORE
1f3ed,FACTORY
1f3ef,JAPANESE CASTLE
1f3f0,EUROPEAN CASTLE<br>≊ castle
1f492,WEDDING
1f5fc,TOKYO TOWER
1f5fd,STATUE OF LIBERTY
26ea,CHURCH
1f54c,MOSQUE
1f54d,SYNAGOGUE
26e9,SHINTO SHRINE
1f54b,KAABA
26f2,FOUNTAIN
26fa,TENT
1f301,FOGGY
1f303,NIGHT WITH STARS
1f304,SUNRISE OVER MOUNTAINS
1f305,SUNRISE
1f306,CITYSCAPE AT DUSK
1f307,SUNSET OVER BUILDINGS<br>≊ sunset
1f309,BRIDGE AT NIGHT
2668,HOT SPRINGS
1f30c,MILKY WAY
1f3a0,CAROUSEL HORSE
1f3a1,FERRIS WHEEL
1f3a2,ROLLER COASTER
1f488,BARBER POLE
1f3aa,CIRCUS TENT
1f3ad,PERFORMING ARTS
1f5bc,FRAME WITH PICTURE
1f3a8,ARTIST PALETTE
1f3b0,SLOT MACHINE
1f682,STEAM LOCOMOTIVE<br>≊ locomotive
1f683,RAILWAY CAR
1f684,HIGH-SPEED TRAIN
1f685,HIGH-SPEED TRAIN WITH BULLET NOSE
1f686,TRAIN
1f687,METRO
1f688,LIGHT RAIL
1f689,STATION
1f68a,TRAM
1f69d,MONORAIL
1f69e,MOUNTAIN RAILWAY
1f68b,TRAM CAR
1f68c,BUS
1f68d,ONCOMING BUS
1f68e,TROLLEYBUS
1f68f,BUS STOP
1f690,MINIBUS
1f691,AMBULANCE
1f692,FIRE ENGINE
1f693,POLICE CAR
1f694,ONCOMING POLICE CAR
1f695,TAXI
1f696,ONCOMING TAXI
1f697,AUTOMOBILE
1f698,ONCOMING AUTOMOBILE
1f699,RECREATIONAL VEHICLE
1f69a,DELIVERY TRUCK
1f69b,ARTICULATED LORRY
1f69c,TRACTOR
1f6b2,BICYCLE
26fd,FUEL PUMP
1f6e3,MOTORWAY
1f6e4,RAILWAY TRACK
1f6a8,POLICE CARS REVOLVING LIGHT<br>≊ police car’s light
1f6a5,HORIZONTAL TRAFFIC LIGHT
1f6a6,VERTICAL TRAFFIC LIGHT
1f6a7,CONSTRUCTION SIGN<br>≊ construction
2693,ANCHOR
26f5,SAILBOAT
1f6a3,ROWBOAT
1f6a3_1f3fb,Rowboat, type-1-2
1f6a3_1f3fc,Rowboat, type-3
1f6a3_1f3fd,Rowboat, type-4
1f6a3_1f3fe,Rowboat, type-5
1f6a3_1f3ff,Rowboat, type-6
1f6a4,SPEEDBOAT
1f6f3,PASSENGER SHIP
26f4,FERRY
1f6e5,MOTOR BOAT
1f6a2,SHIP
2708,AIRPLANE
1f6e9,SMALL AIRPLANE
1f6eb,AIRPLANE DEPARTURE
1f6ec,AIRPLANE ARRIVING<br>≊ airplane arrival
1f4ba,SEAT
1f681,HELICOPTER
1f69f,SUSPENSION RAILWAY
1f6a0,MOUNTAIN CABLEWAY
1f6a1,AERIAL TRAMWAY
1f680,ROCKET
1f6f0,SATELLITE
1f6ce,BELLHOP BELL
1f6aa,DOOR
1f6cc,SLEEPING ACCOMMODATION<br>≊ person in bed
1f6cf,BED
1f6cb,COUCH AND LAMP
1f6bd,TOILET
1f6bf,SHOWER
1f6c0,BATH<br>≊ person taking bath
1f6c0_1f3fb,Bath, type-1-2
1f6c0_1f3fc,Bath, type-3
1f6c0_1f3fd,Bath, type-4
1f6c0_1f3fe,Bath, type-5
1f6c0_1f3ff,Bath, type-6
1f6c1,BATHTUB
231b,HOURGLASS
23f3,HOURGLASS WITH FLOWING SAND
231a,WATCH
23f0,ALARM CLOCK
23f1,STOPWATCH
23f2,TIMER CLOCK
1f570,MANTELPIECE CLOCK
1f55b,CLOCK FACE TWELVE OCLOCK<br>≊ twelve o’clock
1f567,CLOCK FACE TWELVE-THIRTY<br>≊ twelve-thirty
1f550,CLOCK FACE ONE OCLOCK<br>≊ one o’clock
1f55c,CLOCK FACE ONE-THIRTY<br>≊ one-thirty
1f551,CLOCK FACE TWO OCLOCK<br>≊ two o’clock
1f55d,CLOCK FACE TWO-THIRTY<br>≊ two-thirty
1f552,CLOCK FACE THREE OCLOCK<br>≊ three o’clock
1f55e,CLOCK FACE THREE-THIRTY<br>≊ three-thirty
1f553,CLOCK FACE FOUR OCLOCK<br>≊ four o’clock
1f55f,CLOCK FACE FOUR-THIRTY<br>≊ four-thirty
1f554,CLOCK FACE FIVE OCLOCK<br>≊ five o’clock
1f560,CLOCK FACE FIVE-THIRTY<br>≊ five-thirty
1f555,CLOCK FACE SIX OCLOCK<br>≊ six o’clock
1f561,CLOCK FACE SIX-THIRTY<br>≊ six-thirty
1f556,CLOCK FACE SEVEN OCLOCK<br>≊ seven o’clock
1f562,CLOCK FACE SEVEN-THIRTY<br>≊ seven-thirty
1f557,CLOCK FACE EIGHT OCLOCK<br>≊ eight o’clock
1f563,CLOCK FACE EIGHT-THIRTY<br>≊ eight-thirty
1f558,CLOCK FACE NINE OCLOCK<br>≊ nine o’clock
1f564,CLOCK FACE NINE-THIRTY<br>≊ nine-thirty
1f559,CLOCK FACE TEN OCLOCK<br>≊ ten o’clock
1f565,CLOCK FACE TEN-THIRTY<br>≊ ten-thirty
1f55a,CLOCK FACE ELEVEN OCLOCK<br>≊ eleven o’clock
1f566,CLOCK FACE ELEVEN-THIRTY<br>≊ eleven-thirty
1f311,NEW MOON SYMBOL<br>≊ new moon
1f312,WAXING CRESCENT MOON SYMBOL<br>≊ waxing crescent moon
1f313,FIRST QUARTER MOON SYMBOL<br>≊ first quarter moon
1f314,WAXING GIBBOUS MOON SYMBOL<br>≊ waxing gibbous moon
1f315,FULL MOON SYMBOL<br>≊ full moon
1f316,WANING GIBBOUS MOON SYMBOL<br>≊ waning gibbous moon
1f317,LAST QUARTER MOON SYMBOL<br>≊ last quarter moon
1f318,WANING CRESCENT MOON SYMBOL<br>≊ waning crescent moon
1f319,CRESCENT MOON
1f31a,NEW MOON WITH FACE<br>≊ new moon face
1f31b,FIRST QUARTER MOON WITH FACE
1f31c,LAST QUARTER MOON WITH FACE
1f321,THERMOMETER
2600,BLACK SUN WITH RAYS<br>≊ sun
1f31d,FULL MOON WITH FACE
1f31e,SUN WITH FACE
2b50,WHITE MEDIUM STAR
1f31f,GLOWING STAR
1f320,SHOOTING STAR
2601,CLOUD
26c5,SUN BEHIND CLOUD
26c8,THUNDER CLOUD AND RAIN<br>≊ cloud with lightning and rain
1f324,WHITE SUN WITH SMALL CLOUD<br>≊ sun behind small cloud
1f325,WHITE SUN BEHIND CLOUD<br>≊ sun behind large cloud
1f326,WHITE SUN BEHIND CLOUD WITH RAIN<br>≊ sun behind cloud with rain
1f327,CLOUD WITH RAIN
1f328,CLOUD WITH SNOW
1f329,CLOUD WITH LIGHTNING
1f32a,CLOUD WITH TORNADO<br>≊ tornado
1f32b,FOG
1f32c,WIND BLOWING FACE<br>≊ wind face
1f300,CYCLONE
1f308,RAINBOW
1f302,CLOSED UMBRELLA
2602,UMBRELLA
2614,UMBRELLA WITH RAIN DROPS
26f1,UMBRELLA ON GROUND
26a1,HIGH VOLTAGE SIGN<br>≊ high voltage
2744,SNOWFLAKE
2603,SNOWMAN
26c4,SNOWMAN WITHOUT SNOW
2604,COMET
1f525,FIRE
1f4a7,DROPLET
1f30a,WATER WAVE
1f383,JACK-O-LANTERN
1f384,CHRISTMAS TREE
1f386,FIREWORKS
1f387,FIREWORK SPARKLER<br>≊ sparkler
2728,SPARKLES
1f388,BALLOON
1f389,PARTY POPPER
1f38a,CONFETTI BALL
1f38b,TANABATA TREE
1f38d,PINE DECORATION
1f38e,JAPANESE DOLLS
1f38f,CARP STREAMER
1f390,WIND CHIME
1f391,MOON VIEWING CEREMONY<br>≊ moon ceremony
1f380,RIBBON
1f381,WRAPPED PRESENT
1f397,REMINDER RIBBON
1f39f,ADMISSION TICKETS
1f3ab,TICKET
1f396,MILITARY MEDAL
1f3c6,TROPHY
1f3c5,SPORTS MEDAL
26bd,SOCCER BALL
26be,BASEBALL
1f3c0,BASKETBALL AND HOOP<br>≊ basketball
1f3d0,VOLLEYBALL
1f3c8,AMERICAN FOOTBALL
1f3c9,RUGBY FOOTBALL
1f3be,TENNIS RACQUET AND BALL<br>≊ tennis
1f3b1,BILLIARDS
1f3b3,BOWLING
1f3cf,CRICKET BAT AND BALL<br>≊ cricket
1f3d1,FIELD HOCKEY STICK AND BALL<br>≊ field hockey
1f3d2,ICE HOCKEY STICK AND PUCK
1f3d3,TABLE TENNIS PADDLE AND BALL<br>≊ ping pong
1f3f8,BADMINTON RACQUET AND SHUTTLECOCK<br>≊ badminton
26f3,FLAG IN HOLE
1f3cc,GOLFER
26f8,ICE SKATE
1f3a3,FISHING POLE AND FISH<br>≊ fishing pole
1f3bd,RUNNING SHIRT WITH SASH<br>≊ running shirt
1f3bf,SKI AND SKI BOOT<br>≊ skis
26f7,SKIER
1f3c2,SNOWBOARDER
1f3c4,SURFER
1f3c4_1f3fb,Surfer, type-1-2
1f3c4_1f3fc,Surfer, type-3
1f3c4_1f3fd,Surfer, type-4
1f3c4_1f3fe,Surfer, type-5
1f3c4_1f3ff,Surfer, type-6
1f3c7,HORSE RACING
1f3ca,SWIMMER
1f3ca_1f3fb,Swimmer, type-1-2
1f3ca_1f3fc,Swimmer, type-3
1f3ca_1f3fd,Swimmer, type-4
1f3ca_1f3fe,Swimmer, type-5
1f3ca_1f3ff,Swimmer, type-6
26f9,PERSON WITH BALL
26f9_1f3fb,Person with ball, type-1-2
26f9_1f3fc,Person with ball, type-3
26f9_1f3fd,Person with ball, type-4
26f9_1f3fe,Person with ball, type-5
26f9_1f3ff,Person with ball, type-6
1f3cb,WEIGHT LIFTER
1f3cb_1f3fb,Weight lifter, type-1-2
1f3cb_1f3fc,Weight lifter, type-3
1f3cb_1f3fd,Weight lifter, type-4
1f3cb_1f3fe,Weight lifter, type-5
1f3cb_1f3ff,Weight lifter, type-6
1f6b4,BICYCLIST
1f6b4_1f3fb,Bicyclist, type-1-2
1f6b4_1f3fc,Bicyclist, type-3
1f6b4_1f3fd,Bicyclist, type-4
1f6b4_1f3fe,Bicyclist, type-5
1f6b4_1f3ff,Bicyclist, type-6
1f6b5,MOUNTAIN BICYCLIST<br>≊ mountain biker
1f6b5_1f3fb,Mountain bicyclist, type-1-2
1f6b5_1f3fc,Mountain bicyclist, type-3
1f6b5_1f3fd,Mountain bicyclist, type-4
1f6b5_1f3fe,Mountain bicyclist, type-5
1f6b5_1f3ff,Mountain bicyclist, type-6
1f3ce,RACING CAR
1f3cd,RACING MOTORCYCLE<br>≊ motorcycle
1f3af,DIRECT HIT
1f3ae,VIDEO GAME
1f579,JOYSTICK
1f3b2,GAME DIE
2660,BLACK SPADE SUIT<br>≊ spade suit
2665,BLACK HEART SUIT<br>≊ heart suit
2666,BLACK DIAMOND SUIT<br>≊ diamond suit
2663,BLACK CLUB SUIT<br>≊ club suit
1f0cf,PLAYING CARD BLACK JOKER<br>≊ joker
1f004,MAHJONG TILE RED DRAGON<br>≊ mahjong red dragon
1f3b4,FLOWER PLAYING CARDS
1f507,SPEAKER WITH CANCELLATION STROKE<br>≊ speaker off
1f508,SPEAKER
1f509,SPEAKER WITH ONE SOUND WAVE<br>≊ speaker on
1f50a,SPEAKER WITH THREE SOUND WAVES<br>≊ speaker loud
1f4e2,PUBLIC ADDRESS LOUDSPEAKER<br>≊ loudspeaker
1f4e3,CHEERING MEGAPHONE<br>≊ megaphone
1f4ef,POSTAL HORN
1f514,BELL
1f515,BELL WITH CANCELLATION STROKE<br>≊ bell with slash
1f3bc,MUSICAL SCORE
1f3b5,MUSICAL NOTE
1f3b6,MULTIPLE MUSICAL NOTES<br>≊ musical notes
1f399,STUDIO MICROPHONE
1f39a,LEVEL SLIDER
1f39b,CONTROL KNOBS
1f3a4,MICROPHONE
1f3a7,HEADPHONE
1f4fb,RADIO
1f3b7,SAXOPHONE
1f3b8,GUITAR
1f3b9,MUSICAL KEYBOARD
1f3ba,TRUMPET
1f3bb,VIOLIN
1f4f1,MOBILE PHONE
1f4f2,MOBILE PHONE WITH RIGHTWARDS ARROW AT LEFT<br>≊ mobile phone with arrow
260e,BLACK TELEPHONE<br>≊ telephone
1f4de,TELEPHONE RECEIVER
1f4df,PAGER
1f4e0,FAX MACHINE
1f50b,BATTERY
1f50c,ELECTRIC PLUG
1f4bb,PERSONAL COMPUTER<br>≊ laptop computer
1f5a5,DESKTOP COMPUTER
1f5a8,PRINTER
2328,KEYBOARD
1f5b1,THREE BUTTON MOUSE<br>≊ computer mouse
1f5b2,TRACKBALL
1f4bd,MINIDISC
1f4be,FLOPPY DISK
1f4bf,OPTICAL DISC
1f4c0,DVD
1f3a5,MOVIE CAMERA
1f39e,FILM FRAMES
1f4fd,FILM PROJECTOR
1f3ac,CLAPPER BOARD
1f4fa,TELEVISION
1f4f7,CAMERA
1f4f8,CAMERA WITH FLASH
1f4f9,VIDEO CAMERA
1f4fc,VIDEOCASSETTE
1f50d,LEFT-POINTING MAGNIFYING GLASS
1f50e,RIGHT-POINTING MAGNIFYING GLASS
1f52c,MICROSCOPE
1f52d,TELESCOPE
1f4e1,SATELLITE ANTENNA
1f56f,CANDLE
1f4a1,ELECTRIC LIGHT BULB<br>≊ light bulb
1f526,ELECTRIC TORCH<br>≊ flashlight
1f3ee,IZAKAYA LANTERN<br>≊ red paper lantern
1f4d4,NOTEBOOK WITH DECORATIVE COVER
1f4d5,CLOSED BOOK
1f4d6,OPEN BOOK
1f4d7,GREEN BOOK
1f4d8,BLUE BOOK
1f4d9,ORANGE BOOK
1f4da,BOOKS
1f4d3,NOTEBOOK
1f4d2,LEDGER
1f4c3,PAGE WITH CURL
1f4dc,SCROLL
1f4c4,PAGE FACING UP
1f4f0,NEWSPAPER
1f5de,ROLLED-UP NEWSPAPER
1f4d1,BOOKMARK TABS
1f516,BOOKMARK
1f3f7,LABEL
1f4b0,MONEY BAG
1f4b4,BANKNOTE WITH YEN SIGN<br>≊ yen banknote
1f4b5,BANKNOTE WITH DOLLAR SIGN<br>≊ dollar banknote
1f4b6,BANKNOTE WITH EURO SIGN<br>≊ euro banknote
1f4b7,BANKNOTE WITH POUND SIGN<br>≊ pound banknote
1f4b8,MONEY WITH WINGS
1f4b3,CREDIT CARD
1f4b9,CHART WITH UPWARDS TREND AND YEN SIGN<br>≊ chart increasing with yen
1f4b1,CURRENCY EXCHANGE
1f4b2,HEAVY DOLLAR SIGN
2709,ENVELOPE
1f4e7,E-MAIL SYMBOL<br>≊ e-mail
1f4e8,INCOMING ENVELOPE
1f4e9,ENVELOPE WITH DOWNWARDS ARROW ABOVE<br>≊ envelope with arrow
1f4e4,OUTBOX TRAY
1f4e5,INBOX TRAY
1f4e6,PACKAGE
1f4eb,CLOSED MAILBOX WITH RAISED FLAG
1f4ea,CLOSED MAILBOX WITH LOWERED FLAG
1f4ec,OPEN MAILBOX WITH RAISED FLAG
1f4ed,OPEN MAILBOX WITH LOWERED FLAG
1f4ee,POSTBOX
1f5f3,BALLOT BOX WITH BALLOT
270f,PENCIL
2712,BLACK NIB
1f58b,LOWER LEFT FOUNTAIN PEN<br>≊ fountain pen
1f58a,LOWER LEFT BALLPOINT PEN<br>≊ pen
1f58c,LOWER LEFT PAINTBRUSH<br>≊ paintbrush
1f58d,LOWER LEFT CRAYON<br>≊ crayon
1f4dd,MEMO
1f4bc,BRIEFCASE
1f4c1,FILE FOLDER
1f4c2,OPEN FILE FOLDER
1f5c2,CARD INDEX DIVIDERS
1f4c5,CALENDAR
1f4c6,TEAR-OFF CALENDAR
1f5d2,SPIRAL NOTE PAD<br>≊ spiral notepad
1f5d3,SPIRAL CALENDAR PAD<br>≊ spiral calendar
1f4c7,CARD INDEX
1f4c8,CHART WITH UPWARDS TREND<br>≊ chart increasing
1f4c9,CHART WITH DOWNWARDS TREND<br>≊ chart decreasing
1f4ca,BAR CHART
1f4cb,CLIPBOARD
1f4cc,PUSHPIN
1f4cd,ROUND PUSHPIN
1f4ce,PAPERCLIP
1f587,LINKED PAPERCLIPS
1f4cf,STRAIGHT RULER
1f4d0,TRIANGULAR RULER
2702,BLACK SCISSORS<br>≊ scissors
1f5c3,CARD FILE BOX
1f5c4,FILE CABINET
1f5d1,WASTEBASKET
1f512,LOCK
1f513,OPEN LOCK
1f50f,LOCK WITH INK PEN<br>≊ lock with pen
1f510,CLOSED LOCK WITH KEY
1f511,KEY
1f5dd,OLD KEY
1f528,HAMMER
26cf,PICK
2692,HAMMER AND PICK
1f6e0,HAMMER AND WRENCH
1f5e1,DAGGER KNIFE<br>≊ dagger
2694,CROSSED SWORDS
1f52b,PISTOL
1f3f9,BOW AND ARROW
1f6e1,SHIELD
1f527,WRENCH
1f529,NUT AND BOLT
2699,GEAR
1f5dc,COMPRESSION
2697,ALEMBIC
2696,SCALES<br>≊ balance scale
1f517,LINK SYMBOL<br>≊ link
26d3,CHAINS
1f489,SYRINGE
1f48a,PILL
1f6ac,SMOKING SYMBOL<br>≊ smoking
26b0,COFFIN
26b1,FUNERAL URN
1f5ff,MOYAI<br>≊ moai
1f6e2,OIL DRUM
1f52e,CRYSTAL BALL
1f3e7,AUTOMATED TELLER MACHINE<br>≊ ATM sign
1f6ae,PUT LITTER IN ITS PLACE SYMBOL<br>≊ litter in bin sign
1f6b0,POTABLE WATER SYMBOL<br>≊ potable water
267f,WHEELCHAIR SYMBOL<br>≊ wheelchair
1f6b9,MENS SYMBOL<br>≊ men’s room
1f6ba,WOMENS SYMBOL<br>≊ women’s room
1f6bb,RESTROOM
1f6bc,BABY SYMBOL
1f6be,WATER CLOSET
1f6c2,PASSPORT CONTROL
1f6c3,CUSTOMS
1f6c4,BAGGAGE CLAIM
1f6c5,LEFT LUGGAGE
26a0,WARNING SIGN<br>≊ warning
1f6b8,CHILDREN CROSSING
26d4,NO ENTRY
1f6ab,NO ENTRY SIGN<br>≊ prohibited
1f6b3,NO BICYCLES
1f6ad,NO SMOKING SYMBOL<br>≊ no smoking
1f6af,DO NOT LITTER SYMBOL<br>≊ no littering
1f6b1,NON-POTABLE WATER SYMBOL<br>≊ non-potable water
1f6b7,NO PEDESTRIANS
1f4f5,NO MOBILE PHONES
1f51e,NO ONE UNDER EIGHTEEN SYMBOL<br>≊ no one under eighteen
2622,RADIOACTIVE SIGN<br>≊ radioactive
2623,BIOHAZARD SIGN<br>≊ biohazard
2b06,UPWARDS BLACK ARROW<br>≊ up arrow
2197,NORTH EAST ARROW<br>≊ up-right arrow
27a1,BLACK RIGHTWARDS ARROW<br>≊ right arrow
2198,SOUTH EAST ARROW<br>≊ down-right arrow
2b07,DOWNWARDS BLACK ARROW<br>≊ down arrow
2199,SOUTH WEST ARROW<br>≊ down-left arrow
2b05,LEFTWARDS BLACK ARROW<br>≊ left arrow
2196,NORTH WEST ARROW<br>≊ up-left arrow
2195,UP DOWN ARROW<br>≊ up-down arrow
2194,LEFT RIGHT ARROW<br>≊ left-right arrow
21a9,LEFTWARDS ARROW WITH HOOK<br>≊ right arrow curving left
21aa,RIGHTWARDS ARROW WITH HOOK<br>≊ left arrow curving right
2934,ARROW POINTING RIGHTWARDS THEN CURVING UPWARDS<br>≊ right arrow curving up
2935,ARROW POINTING RIGHTWARDS THEN CURVING DOWNWARDS<br>≊ right arrow curving down
1f503,CLOCKWISE DOWNWARDS AND UPWARDS OPEN CIRCLE ARROWS<br>≊ clockwise vertical arrows
1f504,ANTICLOCKWISE DOWNWARDS AND UPWARDS OPEN CIRCLE ARROWS<br>≊ anticlockwise arrows button
1f519,BACK WITH LEFTWARDS ARROW ABOVE<br>≊ back arrow
1f51a,END WITH LEFTWARDS ARROW ABOVE<br>≊ end arrow
1f51b,ON WITH EXCLAMATION MARK WITH LEFT RIGHT ARROW ABOVE<br>≊ on! arrow
1f51c,SOON WITH RIGHTWARDS ARROW ABOVE<br>≊ soon arrow
1f51d,TOP WITH UPWARDS ARROW ABOVE<br>≊ top arrow
1f6d0,PLACE OF WORSHIP
269b,ATOM SYMBOL
1f549,OM SYMBOL<br>≊ om
2721,STAR OF DAVID
2638,WHEEL OF DHARMA
262f,YIN YANG
271d,LATIN CROSS
2626,ORTHODOX CROSS
262a,STAR AND CRESCENT
262e,PEACE SYMBOL
1f54e,MENORAH WITH NINE BRANCHES<br>≊ menorah
1f52f,SIX POINTED STAR WITH MIDDLE DOT<br>≊ dotted six-pointed star
267b,BLACK UNIVERSAL RECYCLING SYMBOL<br>≊ recycling symbol
1f4db,NAME BADGE
269c,FLEUR-DE-LIS
1f530,JAPANESE SYMBOL FOR BEGINNER
1f531,TRIDENT EMBLEM
2b55,HEAVY LARGE CIRCLE
2705,WHITE HEAVY CHECK MARK
2611,BALLOT BOX WITH CHECK
2714,HEAVY CHECK MARK
2716,HEAVY MULTIPLICATION X
274c,CROSS MARK
274e,NEGATIVE SQUARED CROSS MARK<br>≊ cross mark button
2795,HEAVY PLUS SIGN
2796,HEAVY MINUS SIGN
2797,HEAVY DIVISION SIGN
27b0,CURLY LOOP
27bf,DOUBLE CURLY LOOP
303d,PART ALTERNATION MARK
2733,EIGHT SPOKED ASTERISK<br>≊ eight-spoked asterisk
2734,EIGHT POINTED BLACK STAR<br>≊ eight-pointed star
2747,SPARKLE
203c,DOUBLE EXCLAMATION MARK
2049,EXCLAMATION QUESTION MARK
2753,BLACK QUESTION MARK ORNAMENT<br>≊ question mark
2754,WHITE QUESTION MARK ORNAMENT<br>≊ white question mark
2755,WHITE EXCLAMATION MARK ORNAMENT<br>≊ white exclamation mark
2757,HEAVY EXCLAMATION MARK SYMBOL<br>≊ exclamation mark
3030,WAVY DASH
00a9,COPYRIGHT SIGN<br>≊ copyright
00ae,REGISTERED SIGN<br>≊ registered
2122,TRADE MARK SIGN<br>≊ trade mark
2648,ARIES
2649,TAURUS
264a,GEMINI
264b,CANCER
264c,LEO
264d,VIRGO
264e,LIBRA
264f,SCORPIUS
2650,SAGITTARIUS
2651,CAPRICORN
2652,AQUARIUS
2653,PISCES
26ce,OPHIUCHUS
1f500,TWISTED RIGHTWARDS ARROWS<br>≊ shuffle tracks button
1f501,CLOCKWISE RIGHTWARDS AND LEFTWARDS OPEN CIRCLE ARROWS<br>≊ repeat button
1f502,CLOCKWISE RIGHTWARDS AND LEFTWARDS OPEN CIRCLE ARROWS WITH CIRCLED ONE OVERLAY<br>≊ repeat single button
25b6,BLACK RIGHT-POINTING TRIANGLE<br>≊ play button
23e9,BLACK RIGHT-POINTING DOUBLE TRIANGLE<br>≊ fast-forword button
23ed,BLACK RIGHT-POINTING DOUBLE TRIANGLE WITH VERTICAL BAR<br>≊ next track button
23ef,BLACK RIGHT-POINTING TRIANGLE WITH DOUBLE VERTICAL BAR<br>≊ play or pause button
25c0,BLACK LEFT-POINTING TRIANGLE<br>≊ reverse button
23ea,BLACK LEFT-POINTING DOUBLE TRIANGLE<br>≊ fast reverse button
23ee,BLACK LEFT-POINTING DOUBLE TRIANGLE WITH VERTICAL BAR<br>≊ last track button
1f53c,UP-POINTING SMALL RED TRIANGLE<br>≊ up button
23eb,BLACK UP-POINTING DOUBLE TRIANGLE<br>≊ fast up button
1f53d,DOWN-POINTING SMALL RED TRIANGLE<br>≊ down button
23ec,BLACK DOWN-POINTING DOUBLE TRIANGLE<br>≊ fast down button
23f8,DOUBLE VERTICAL BAR<br>≊ pause button
23f9,BLACK SQUARE FOR STOP<br>≊ stop button
23fa,BLACK CIRCLE FOR RECORD<br>≊ record button
1f3a6,CINEMA
1f505,LOW BRIGHTNESS SYMBOL<br>≊ dim button
1f506,HIGH BRIGHTNESS SYMBOL<br>≊ bright button
1f4f6,ANTENNA WITH BARS<br>≊ antenna bars
1f4f3,VIBRATION MODE
1f4f4,MOBILE PHONE OFF
0023_fe0f_20e3,Keycap NUMBER SIGN
002a_fe0f_20e3,Keycap ASTERISK
0030_fe0f_20e3,Keycap DIGIT ZERO
0031_fe0f_20e3,Keycap DIGIT ONE
0032_fe0f_20e3,Keycap DIGIT TWO
0033_fe0f_20e3,Keycap DIGIT THREE
0034_fe0f_20e3,Keycap DIGIT FOUR
0035_fe0f_20e3,Keycap DIGIT FIVE
0036_fe0f_20e3,Keycap DIGIT SIX
0037_fe0f_20e3,Keycap DIGIT SEVEN
0038_fe0f_20e3,Keycap DIGIT EIGHT
0039_fe0f_20e3,Keycap DIGIT NINE
1f51f,KEYCAP TEN
1f4af,HUNDRED POINTS SYMBOL<br>≊ hundred points
1f520,INPUT SYMBOL FOR LATIN CAPITAL LETTERS<br>≊ input latin uppercase
1f521,INPUT SYMBOL FOR LATIN SMALL LETTERS<br>≊ input latin lowercase
1f522,INPUT SYMBOL FOR NUMBERS<br>≊ input numbers
1f523,INPUT SYMBOL FOR SYMBOLS<br>≊ input symbols
1f524,INPUT SYMBOL FOR LATIN LETTERS<br>≊ input latin letters
1f170,NEGATIVE SQUARED LATIN CAPITAL LETTER A<br>≊ a button
1f18e,NEGATIVE SQUARED AB<br>≊ ab button
1f171,NEGATIVE SQUARED LATIN CAPITAL LETTER B<br>≊ b button
1f191,SQUARED CL
1f192,SQUARED COOL
1f193,SQUARED FREE
2139,INFORMATION SOURCE
1f194,SQUARED ID
24c2,CIRCLED LATIN CAPITAL LETTER M<br>≊ circled letter m
1f195,SQUARED NEW
1f196,SQUARED NG
1f17e,NEGATIVE SQUARED LATIN CAPITAL LETTER O<br>≊ o button
1f197,SQUARED OK
1f17f,NEGATIVE SQUARED LATIN CAPITAL LETTER P<br>≊ p button
1f198,SQUARED SOS
1f199,SQUARED UP WITH EXCLAMATION MARK<br>≊ up! button
1f19a,SQUARED VS
1f201,SQUARED KATAKANA KOKO
1f202,SQUARED KATAKANA SA
1f237,SQUARED CJK UNIFIED IDEOGRAPH-6708<br>≊ squared moon ideograph
1f236,SQUARED CJK UNIFIED IDEOGRAPH-6709<br>≊ squared exist ideograph
1f22f,SQUARED CJK UNIFIED IDEOGRAPH-6307<br>≊ squared finger ideograph
1f250,CIRCLED IDEOGRAPH ADVANTAGE<br>≊ circled advantage ideograph
1f239,SQUARED CJK UNIFIED IDEOGRAPH-5272<br>≊ squared divide ideograph
1f21a,SQUARED CJK UNIFIED IDEOGRAPH-7121<br>≊ squared negation ideograph
1f232,SQUARED CJK UNIFIED IDEOGRAPH-7981<br>≊ squared prohibit ideograph
1f251,CIRCLED IDEOGRAPH ACCEPT<br>≊ circled accept ideograph
1f238,SQUARED CJK UNIFIED IDEOGRAPH-7533<br>≊ squared apply ideograph
1f234,SQUARED CJK UNIFIED IDEOGRAPH-5408<br>≊ squared together ideograph
1f233,SQUARED CJK UNIFIED IDEOGRAPH-7A7A<br>≊ squared empty ideograph
3297,CIRCLED IDEOGRAPH CONGRATULATION<br>≊ circled congratulate ideograph
3299,CIRCLED IDEOGRAPH SECRET<br>≊ circled secret ideograph
1f23a,SQUARED CJK UNIFIED IDEOGRAPH-55B6<br>≊ squared operating ideograph
1f235,SQUARED CJK UNIFIED IDEOGRAPH-6E80<br>≊ squared fullness ideograph
25aa,BLACK SMALL SQUARE
25ab,WHITE SMALL SQUARE
25fb,WHITE MEDIUM SQUARE
25fc,BLACK MEDIUM SQUARE
25fd,WHITE MEDIUM SMALL SQUARE<br>≊ white medium-small square
25fe,BLACK MEDIUM SMALL SQUARE<br>≊ black medium-small square
2b1b,BLACK LARGE SQUARE
2b1c,WHITE LARGE SQUARE
1f536,LARGE ORANGE DIAMOND
1f537,LARGE BLUE DIAMOND
1f538,SMALL ORANGE DIAMOND
1f539,SMALL BLUE DIAMOND
1f53a,UP-POINTING RED TRIANGLE<br>≊ red triangle pointed up
1f53b,DOWN-POINTING RED TRIANGLE<br>≊ red triangle pointed down
1f4a0,DIAMOND SHAPE WITH A DOT INSIDE<br>≊ diamond with a dot
1f518,RADIO BUTTON
1f532,BLACK SQUARE BUTTON
1f533,WHITE SQUARE BUTTON
26aa,MEDIUM WHITE CIRCLE<br>≊ white circle
26ab,MEDIUM BLACK CIRCLE<br>≊ black circle
1f534,LARGE RED CIRCLE<br>≊ red circle
1f535,LARGE BLUE CIRCLE<br>≊ blue circle
1f3c1,CHEQUERED FLAG
1f6a9,TRIANGULAR FLAG ON POST<br>≊ triangular flag
1f38c,CROSSED FLAGS
1f3f4,WAVING BLACK FLAG
1f3f3,WAVING WHITE FLAG
1f1e6_1f1e8,REGIONAL INDICATOR SYMBOL LETTER A, REGIONAL INDICATOR SYMBOL LETTER C
1f1e6_1f1e9,REGIONAL INDICATOR SYMBOL LETTER A, REGIONAL INDICATOR SYMBOL LETTER D
1f1e6_1f1ea,REGIONAL INDICATOR SYMBOL LETTER A, REGIONAL INDICATOR SYMBOL LETTER E
1f1e6_1f1eb,REGIONAL INDICATOR SYMBOL LETTER A, REGIONAL INDICATOR SYMBOL LETTER F
1f1e6_1f1ec,REGIONAL INDICATOR SYMBOL LETTER A, REGIONAL INDICATOR SYMBOL LETTER G
1f1e6_1f1ee,REGIONAL INDICATOR SYMBOL LETTER A, REGIONAL INDICATOR SYMBOL LETTER I
1f1e6_1f1f1,REGIONAL INDICATOR SYMBOL LETTER A, REGIONAL INDICATOR SYMBOL LETTER L
1f1e6_1f1f2,REGIONAL INDICATOR SYMBOL LETTER A, REGIONAL INDICATOR SYMBOL LETTER M
1f1e6_1f1f4,REGIONAL INDICATOR SYMBOL LETTER A, REGIONAL INDICATOR SYMBOL LETTER O
1f1e6_1f1f6,REGIONAL INDICATOR SYMBOL LETTER A, REGIONAL INDICATOR SYMBOL LETTER Q
1f1e6_1f1f7,REGIONAL INDICATOR SYMBOL LETTER A, REGIONAL INDICATOR SYMBOL LETTER R
1f1e6_1f1f8,REGIONAL INDICATOR SYMBOL LETTER A, REGIONAL INDICATOR SYMBOL LETTER S
1f1e6_1f1f9,REGIONAL INDICATOR SYMBOL LETTER A, REGIONAL INDICATOR SYMBOL LETTER T
1f1e6_1f1fa,REGIONAL INDICATOR SYMBOL LETTER A, REGIONAL INDICATOR SYMBOL LETTER U
1f1e6_1f1fc,REGIONAL INDICATOR SYMBOL LETTER A, REGIONAL INDICATOR SYMBOL LETTER W
1f1e6_1f1fd,REGIONAL INDICATOR SYMBOL LETTER A, REGIONAL INDICATOR SYMBOL LETTER X
1f1e6_1f1ff,REGIONAL INDICATOR SYMBOL LETTER A, REGIONAL INDICATOR SYMBOL LETTER Z
1f1e7_1f1e6,REGIONAL INDICATOR SYMBOL LETTER B, REGIONAL INDICATOR SYMBOL LETTER A
1f1e7_1f1e7,REGIONAL INDICATOR SYMBOL LETTER B, REGIONAL INDICATOR SYMBOL LETTER B
1f1e7_1f1e9,REGIONAL INDICATOR SYMBOL LETTER B, REGIONAL INDICATOR SYMBOL LETTER D
1f1e7_1f1ea,REGIONAL INDICATOR SYMBOL LETTER B, REGIONAL INDICATOR SYMBOL LETTER E
1f1e7_1f1eb,REGIONAL INDICATOR SYMBOL LETTER B, REGIONAL INDICATOR SYMBOL LETTER F
1f1e7_1f1ec,REGIONAL INDICATOR SYMBOL LETTER B, REGIONAL INDICATOR SYMBOL LETTER G
1f1e7_1f1ed,REGIONAL INDICATOR SYMBOL LETTER B, REGIONAL INDICATOR SYMBOL LETTER H
1f1e7_1f1ee,REGIONAL INDICATOR SYMBOL LETTER B, REGIONAL INDICATOR SYMBOL LETTER I
1f1e7_1f1ef,REGIONAL INDICATOR SYMBOL LETTER B, REGIONAL INDICATOR SYMBOL LETTER J
1f1e7_1f1f1,REGIONAL INDICATOR SYMBOL LETTER B, REGIONAL INDICATOR SYMBOL LETTER L
1f1e7_1f1f2,REGIONAL INDICATOR SYMBOL LETTER B, REGIONAL INDICATOR SYMBOL LETTER M
1f1e7_1f1f3,REGIONAL INDICATOR SYMBOL LETTER B, REGIONAL INDICATOR SYMBOL LETTER N
1f1e7_1f1f4,REGIONAL INDICATOR SYMBOL LETTER B, REGIONAL INDICATOR SYMBOL LETTER O
1f1e7_1f1f6,REGIONAL INDICATOR SYMBOL LETTER B, REGIONAL INDICATOR SYMBOL LETTER Q
1f1e7_1f1f7,REGIONAL INDICATOR SYMBOL LETTER B, REGIONAL INDICATOR SYMBOL LETTER R
1f1e7_1f1f8,REGIONAL INDICATOR SYMBOL LETTER B, REGIONAL INDICATOR SYMBOL LETTER S
1f1e7_1f1f9,REGIONAL INDICATOR SYMBOL LETTER B, REGIONAL INDICATOR SYMBOL LETTER T
1f1e7_1f1fb,REGIONAL INDICATOR SYMBOL LETTER B, REGIONAL INDICATOR SYMBOL LETTER V
1f1e7_1f1fc,REGIONAL INDICATOR SYMBOL LETTER B, REGIONAL INDICATOR SYMBOL LETTER W
1f1e7_1f1fe,REGIONAL INDICATOR SYMBOL LETTER B, REGIONAL INDICATOR SYMBOL LETTER Y
1f1e7_1f1ff,REGIONAL INDICATOR SYMBOL LETTER B, REGIONAL INDICATOR SYMBOL LETTER Z
1f1e8_1f1e6,REGIONAL INDICATOR SYMBOL LETTER C, REGIONAL INDICATOR SYMBOL LETTER A
1f1e8_1f1e8,REGIONAL INDICATOR SYMBOL LETTER C, REGIONAL INDICATOR SYMBOL LETTER C
1f1e8_1f1e9,REGIONAL INDICATOR SYMBOL LETTER C, REGIONAL INDICATOR SYMBOL LETTER D
1f1e8_1f1eb,REGIONAL INDICATOR SYMBOL LETTER C, REGIONAL INDICATOR SYMBOL LETTER F
1f1e8_1f1ec,REGIONAL INDICATOR SYMBOL LETTER C, REGIONAL INDICATOR SYMBOL LETTER G
1f1e8_1f1ed,REGIONAL INDICATOR SYMBOL LETTER C, REGIONAL INDICATOR SYMBOL LETTER H
1f1e8_1f1ee,REGIONAL INDICATOR SYMBOL LETTER C, REGIONAL INDICATOR SYMBOL LETTER I
1f1e8_1f1f0,REGIONAL INDICATOR SYMBOL LETTER C, REGIONAL INDICATOR SYMBOL LETTER K
1f1e8_1f1f1,REGIONAL INDICATOR SYMBOL LETTER C, REGIONAL INDICATOR SYMBOL LETTER L
1f1e8_1f1f2,REGIONAL INDICATOR SYMBOL LETTER C, REGIONAL INDICATOR SYMBOL LETTER M
1f1e8_1f1f3,REGIONAL INDICATOR SYMBOL LETTER C, REGIONAL INDICATOR SYMBOL LETTER N
1f1e8_1f1f4,REGIONAL INDICATOR SYMBOL LETTER C, REGIONAL INDICATOR SYMBOL LETTER O
1f1e8_1f1f5,REGIONAL INDICATOR SYMBOL LETTER C, REGIONAL INDICATOR SYMBOL LETTER P
1f1e8_1f1f7,REGIONAL INDICATOR SYMBOL LETTER C, REGIONAL INDICATOR SYMBOL LETTER R
1f1e8_1f1fa,REGIONAL INDICATOR SYMBOL LETTER C, REGIONAL INDICATOR SYMBOL LETTER U
1f1e8_1f1fb,REGIONAL INDICATOR SYMBOL LETTER C, REGIONAL INDICATOR SYMBOL LETTER V
1f1e8_1f1fc,REGIONAL INDICATOR SYMBOL LETTER C, REGIONAL INDICATOR SYMBOL LETTER W
1f1e8_1f1fd,REGIONAL INDICATOR SYMBOL LETTER C, REGIONAL INDICATOR SYMBOL LETTER X
1f1e8_1f1fe,REGIONAL INDICATOR SYMBOL LETTER C, REGIONAL INDICATOR SYMBOL LETTER Y
1f1e8_1f1ff,REGIONAL INDICATOR SYMBOL LETTER C, REGIONAL INDICATOR SYMBOL LETTER Z
1f1e9_1f1ea,REGIONAL INDICATOR SYMBOL LETTER D, REGIONAL INDICATOR SYMBOL LETTER E
1f1e9_1f1ec,REGIONAL INDICATOR SYMBOL LETTER D, REGIONAL INDICATOR SYMBOL LETTER G
1f1e9_1f1ef,REGIONAL INDICATOR SYMBOL LETTER D, REGIONAL INDICATOR SYMBOL LETTER J
1f1e9_1f1f0,REGIONAL INDICATOR SYMBOL LETTER D, REGIONAL INDICATOR SYMBOL LETTER K
1f1e9_1f1f2,REGIONAL INDICATOR SYMBOL LETTER D, REGIONAL INDICATOR SYMBOL LETTER M
1f1e9_1f1f4,REGIONAL INDICATOR SYMBOL LETTER D, REGIONAL INDICATOR SYMBOL LETTER O
1f1e9_1f1ff,REGIONAL INDICATOR SYMBOL LETTER D, REGIONAL INDICATOR SYMBOL LETTER Z
1f1ea_1f1e6,REGIONAL INDICATOR SYMBOL LETTER E, REGIONAL INDICATOR SYMBOL LETTER A
1f1ea_1f1e8,REGIONAL INDICATOR SYMBOL LETTER E, REGIONAL INDICATOR SYMBOL LETTER C
1f1ea_1f1ea,REGIONAL INDICATOR SYMBOL LETTER E, REGIONAL INDICATOR SYMBOL LETTER E
1f1ea_1f1ec,REGIONAL INDICATOR SYMBOL LETTER E, REGIONAL INDICATOR SYMBOL LETTER G
1f1ea_1f1ed,REGIONAL INDICATOR SYMBOL LETTER E, REGIONAL INDICATOR SYMBOL LETTER H
1f1ea_1f1f7,REGIONAL INDICATOR SYMBOL LETTER E, REGIONAL INDICATOR SYMBOL LETTER R
1f1ea_1f1f8,REGIONAL INDICATOR SYMBOL LETTER E, REGIONAL INDICATOR SYMBOL LETTER S
1f1ea_1f1f9,REGIONAL INDICATOR SYMBOL LETTER E, REGIONAL INDICATOR SYMBOL LETTER T
1f1ea_1f1fa,REGIONAL INDICATOR SYMBOL LETTER E, REGIONAL INDICATOR SYMBOL LETTER U
1f1eb_1f1ee,REGIONAL INDICATOR SYMBOL LETTER F, REGIONAL INDICATOR SYMBOL LETTER I
1f1eb_1f1ef,REGIONAL INDICATOR SYMBOL LETTER F, REGIONAL INDICATOR SYMBOL LETTER J
1f1eb_1f1f0,REGIONAL INDICATOR SYMBOL LETTER F, REGIONAL INDICATOR SYMBOL LETTER K
1f1eb_1f1f2,REGIONAL INDICATOR SYMBOL LETTER F, REGIONAL INDICATOR SYMBOL LETTER M
1f1eb_1f1f4,REGIONAL INDICATOR SYMBOL LETTER F, REGIONAL INDICATOR SYMBOL LETTER O
1f1eb_1f1f7,REGIONAL INDICATOR SYMBOL LETTER F, REGIONAL INDICATOR SYMBOL LETTER R
1f1ec_1f1e6,REGIONAL INDICATOR SYMBOL LETTER G, REGIONAL INDICATOR SYMBOL LETTER A
1f1ec_1f1e7,REGIONAL INDICATOR SYMBOL LETTER G, REGIONAL INDICATOR SYMBOL LETTER B
1f1ec_1f1e9,REGIONAL INDICATOR SYMBOL LETTER G, REGIONAL INDICATOR SYMBOL LETTER D
1f1ec_1f1ea,REGIONAL INDICATOR SYMBOL LETTER G, REGIONAL INDICATOR SYMBOL LETTER E
1f1ec_1f1eb,REGIONAL INDICATOR SYMBOL LETTER G, REGIONAL INDICATOR SYMBOL LETTER F
1f1ec_1f1ec,REGIONAL INDICATOR SYMBOL LETTER G, REGIONAL INDICATOR SYMBOL LETTER G
1f1ec_1f1ed,REGIONAL INDICATOR SYMBOL LETTER G, REGIONAL INDICATOR SYMBOL LETTER H
1f1ec_1f1ee,REGIONAL INDICATOR SYMBOL LETTER G, REGIONAL INDICATOR SYMBOL LETTER I
1f1ec_1f1f1,REGIONAL INDICATOR SYMBOL LETTER G, REGIONAL INDICATOR SYMBOL LETTER L
1f1ec_1f1f2,REGIONAL INDICATOR SYMBOL LETTER G, REGIONAL INDICATOR SYMBOL LETTER M
1f1ec_1f1f3,REGIONAL INDICATOR SYMBOL LETTER G, REGIONAL INDICATOR SYMBOL LETTER N
1f1ec_1f1f5,REGIONAL INDICATOR SYMBOL LETTER G, REGIONAL INDICATOR SYMBOL LETTER P
1f1ec_1f1f6,REGIONAL INDICATOR SYMBOL LETTER G, REGIONAL INDICATOR SYMBOL LETTER Q
1f1ec_1f1f7,REGIONAL INDICATOR SYMBOL LETTER G, REGIONAL INDICATOR SYMBOL LETTER R
1f1ec_1f1f8,REGIONAL INDICATOR SYMBOL LETTER G, REGIONAL INDICATOR SYMBOL LETTER S
1f1ec_1f1f9,REGIONAL INDICATOR SYMBOL LETTER G, REGIONAL INDICATOR SYMBOL LETTER T
1f1ec_1f1fa,REGIONAL INDICATOR SYMBOL LETTER G, REGIONAL INDICATOR SYMBOL LETTER U
1f1ec_1f1fc,REGIONAL INDICATOR SYMBOL LETTER G, REGIONAL INDICATOR SYMBOL LETTER W
1f1ec_1f1fe,REGIONAL INDICATOR SYMBOL LETTER G, REGIONAL INDICATOR SYMBOL LETTER Y
1f1ed_1f1f0,REGIONAL INDICATOR SYMBOL LETTER H, REGIONAL INDICATOR SYMBOL LETTER K
1f1ed_1f1f2,REGIONAL INDICATOR SYMBOL LETTER H, REGIONAL INDICATOR SYMBOL LETTER M
1f1ed_1f1f3,REGIONAL INDICATOR SYMBOL LETTER H, REGIONAL INDICATOR SYMBOL LETTER N
1f1ed_1f1f7,REGIONAL INDICATOR SYMBOL LETTER H, REGIONAL INDICATOR SYMBOL LETTER R
1f1ed_1f1f9,REGIONAL INDICATOR SYMBOL LETTER H, REGIONAL INDICATOR SYMBOL LETTER T
1f1ed_1f1fa,REGIONAL INDICATOR SYMBOL LETTER H, REGIONAL INDICATOR SYMBOL LETTER U
1f1ee_1f1e8,REGIONAL INDICATOR SYMBOL LETTER I, REGIONAL INDICATOR SYMBOL LETTER C
1f1ee_1f1e9,REGIONAL INDICATOR SYMBOL LETTER I, REGIONAL INDICATOR SYMBOL LETTER D
1f1ee_1f1ea,REGIONAL INDICATOR SYMBOL LETTER I, REGIONAL INDICATOR SYMBOL LETTER E
1f1ee_1f1f1,REGIONAL INDICATOR SYMBOL LETTER I, REGIONAL INDICATOR SYMBOL LETTER L
1f1ee_1f1f2,REGIONAL INDICATOR SYMBOL LETTER I, REGIONAL INDICATOR SYMBOL LETTER M
1f1ee_1f1f3,REGIONAL INDICATOR SYMBOL LETTER I, REGIONAL INDICATOR SYMBOL LETTER N
1f1ee_1f1f4,REGIONAL INDICATOR SYMBOL LETTER I, REGIONAL INDICATOR SYMBOL LETTER O
1f1ee_1f1f6,REGIONAL INDICATOR SYMBOL LETTER I, REGIONAL INDICATOR SYMBOL LETTER Q
1f1ee_1f1f7,REGIONAL INDICATOR SYMBOL LETTER I, REGIONAL INDICATOR SYMBOL LETTER R
1f1ee_1f1f8,REGIONAL INDICATOR SYMBOL LETTER I, REGIONAL INDICATOR SYMBOL LETTER S
1f1ee_1f1f9,REGIONAL INDICATOR SYMBOL LETTER I, REGIONAL INDICATOR SYMBOL LETTER T
1f1ef_1f1ea,REGIONAL INDICATOR SYMBOL LETTER J, REGIONAL INDICATOR SYMBOL LETTER E
1f1ef_1f1f2,REGIONAL INDICATOR SYMBOL LETTER J, REGIONAL INDICATOR SYMBOL LETTER M
1f1ef_1f1f4,REGIONAL INDICATOR SYMBOL LETTER J, REGIONAL INDICATOR SYMBOL LETTER O
1f1ef_1f1f5,REGIONAL INDICATOR SYMBOL LETTER J, REGIONAL INDICATOR SYMBOL LETTER P
1f1f0_1f1ea,REGIONAL INDICATOR SYMBOL LETTER K, REGIONAL INDICATOR SYMBOL LETTER E
1f1f0_1f1ec,REGIONAL INDICATOR SYMBOL LETTER K, REGIONAL INDICATOR SYMBOL LETTER G
1f1f0_1f1ed,REGIONAL INDICATOR SYMBOL LETTER K, REGIONAL INDICATOR SYMBOL LETTER H
1f1f0_1f1ee,REGIONAL INDICATOR SYMBOL LETTER K, REGIONAL INDICATOR SYMBOL LETTER I
1f1f0_1f1f2,REGIONAL INDICATOR SYMBOL LETTER K, REGIONAL INDICATOR SYMBOL LETTER M
1f1f0_1f1f3,REGIONAL INDICATOR SYMBOL LETTER K, REGIONAL INDICATOR SYMBOL LETTER N
1f1f0_1f1f5,REGIONAL INDICATOR SYMBOL LETTER K, REGIONAL INDICATOR SYMBOL LETTER P
1f1f0_1f1f7,REGIONAL INDICATOR SYMBOL LETTER K, REGIONAL INDICATOR SYMBOL LETTER R
1f1f0_1f1fc,REGIONAL INDICATOR SYMBOL LETTER K, REGIONAL INDICATOR SYMBOL LETTER W
1f1f0_1f1fe,REGIONAL INDICATOR SYMBOL LETTER K, REGIONAL INDICATOR SYMBOL LETTER Y
1f1f0_1f1ff,REGIONAL INDICATOR SYMBOL LETTER K, REGIONAL INDICATOR SYMBOL LETTER Z
1f1f1_1f1e6,REGIONAL INDICATOR SYMBOL LETTER L, REGIONAL INDICATOR SYMBOL LETTER A
1f1f1_1f1e7,REGIONAL INDICATOR SYMBOL LETTER L, REGIONAL INDICATOR SYMBOL LETTER B
1f1f1_1f1e8,REGIONAL INDICATOR SYMBOL LETTER L, REGIONAL INDICATOR SYMBOL LETTER C
1f1f1_1f1ee,REGIONAL INDICATOR SYMBOL LETTER L, REGIONAL INDICATOR SYMBOL LETTER I
1f1f1_1f1f0,REGIONAL INDICATOR SYMBOL LETTER L, REGIONAL INDICATOR SYMBOL LETTER K
1f1f1_1f1f7,REGIONAL INDICATOR SYMBOL LETTER L, REGIONAL INDICATOR SYMBOL LETTER R
1f1f1_1f1f8,REGIONAL INDICATOR SYMBOL LETTER L, REGIONAL INDICATOR SYMBOL LETTER S
1f1f1_1f1f9,REGIONAL INDICATOR SYMBOL LETTER L, REGIONAL INDICATOR SYMBOL LETTER T
1f1f1_1f1fa,REGIONAL INDICATOR SYMBOL LETTER L, REGIONAL INDICATOR SYMBOL LETTER U
1f1f1_1f1fb,REGIONAL INDICATOR SYMBOL LETTER L, REGIONAL INDICATOR SYMBOL LETTER V
1f1f1_1f1fe,REGIONAL INDICATOR SYMBOL LETTER L, REGIONAL INDICATOR SYMBOL LETTER Y
1f1f2_1f1e6,REGIONAL INDICATOR SYMBOL LETTER M, REGIONAL INDICATOR SYMBOL LETTER A
1f1f2_1f1e8,REGIONAL INDICATOR SYMBOL LETTER M, REGIONAL INDICATOR SYMBOL LETTER C
1f1f2_1f1e9,REGIONAL INDICATOR SYMBOL LETTER M, REGIONAL INDICATOR SYMBOL LETTER D
1f1f2_1f1ea,REGIONAL INDICATOR SYMBOL LETTER M, REGIONAL INDICATOR SYMBOL LETTER E
1f1f2_1f1eb,REGIONAL INDICATOR SYMBOL LETTER M, REGIONAL INDICATOR SYMBOL LETTER F
1f1f2_1f1ec,REGIONAL INDICATOR SYMBOL LETTER M, REGIONAL INDICATOR SYMBOL LETTER G
1f1f2_1f1ed,REGIONAL INDICATOR SYMBOL LETTER M, REGIONAL INDICATOR SYMBOL LETTER H
1f1f2_1f1f0,REGIONAL INDICATOR SYMBOL LETTER M, REGIONAL INDICATOR SYMBOL LETTER K
1f1f2_1f1f1,REGIONAL INDICATOR SYMBOL LETTER M, REGIONAL INDICATOR SYMBOL LETTER L
1f1f2_1f1f2,REGIONAL INDICATOR SYMBOL LETTER M, REGIONAL INDICATOR SYMBOL LETTER M
1f1f2_1f1f3,REGIONAL INDICATOR SYMBOL LETTER M, REGIONAL INDICATOR SYMBOL LETTER N
1f1f2_1f1f4,REGIONAL INDICATOR SYMBOL LETTER M, REGIONAL INDICATOR SYMBOL LETTER O
1f1f2_1f1f5,REGIONAL INDICATOR SYMBOL LETTER M, REGIONAL INDICATOR SYMBOL LETTER P
1f1f2_1f1f6,REGIONAL INDICATOR SYMBOL LETTER M, REGIONAL INDICATOR SYMBOL LETTER Q
1f1f2_1f1f7,REGIONAL INDICATOR SYMBOL LETTER M, REGIONAL INDICATOR SYMBOL LETTER R
1f1f2_1f1f8,REGIONAL INDICATOR SYMBOL LETTER M, REGIONAL INDICATOR SYMBOL LETTER S
1f1f2_1f1f9,REGIONAL INDICATOR SYMBOL LETTER M, REGIONAL INDICATOR SYMBOL LETTER T
1f1f2_1f1fa,REGIONAL INDICATOR SYMBOL LETTER M, REGIONAL INDICATOR SYMBOL LETTER U
1f1f2_1f1fb,REGIONAL INDICATOR SYMBOL LETTER M, REGIONAL INDICATOR SYMBOL LETTER V
1f1f2_1f1fc,REGIONAL INDICATOR SYMBOL LETTER M, REGIONAL INDICATOR SYMBOL LETTER W
1f1f2_1f1fd,REGIONAL INDICATOR SYMBOL LETTER M, REGIONAL INDICATOR SYMBOL LETTER X
1f1f2_1f1fe,REGIONAL INDICATOR SYMBOL LETTER M, REGIONAL INDICATOR SYMBOL LETTER Y
1f1f2_1f1ff,REGIONAL INDICATOR SYMBOL LETTER M, REGIONAL INDICATOR SYMBOL LETTER Z
1f1f3_1f1e6,REGIONAL INDICATOR SYMBOL LETTER N, REGIONAL INDICATOR SYMBOL LETTER A
1f1f3_1f1e8,REGIONAL INDICATOR SYMBOL LETTER N, REGIONAL INDICATOR SYMBOL LETTER C
1f1f3_1f1ea,REGIONAL INDICATOR SYMBOL LETTER N, REGIONAL INDICATOR SYMBOL LETTER E
1f1f3_1f1eb,REGIONAL INDICATOR SYMBOL LETTER N, REGIONAL INDICATOR SYMBOL LETTER F
1f1f3_1f1ec,REGIONAL INDICATOR SYMBOL LETTER N, REGIONAL INDICATOR SYMBOL LETTER G
1f1f3_1f1ee,REGIONAL INDICATOR SYMBOL LETTER N, REGIONAL INDICATOR SYMBOL LETTER I
1f1f3_1f1f1,REGIONAL INDICATOR SYMBOL LETTER N, REGIONAL INDICATOR SYMBOL LETTER L
1f1f3_1f1f4,REGIONAL INDICATOR SYMBOL LETTER N, REGIONAL INDICATOR SYMBOL LETTER O
1f1f3_1f1f5,REGIONAL INDICATOR SYMBOL LETTER N, REGIONAL INDICATOR SYMBOL LETTER P
1f1f3_1f1f7,REGIONAL INDICATOR SYMBOL LETTER N, REGIONAL INDICATOR SYMBOL LETTER R
1f1f3_1f1fa,REGIONAL INDICATOR SYMBOL LETTER N, REGIONAL INDICATOR SYMBOL LETTER U
1f1f3_1f1ff,REGIONAL INDICATOR SYMBOL LETTER N, REGIONAL INDICATOR SYMBOL LETTER Z
1f1f4_1f1f2,REGIONAL INDICATOR SYMBOL LETTER O, REGIONAL INDICATOR SYMBOL LETTER M
1f1f5_1f1e6,REGIONAL INDICATOR SYMBOL LETTER P, REGIONAL INDICATOR SYMBOL LETTER A
1f1f5_1f1ea,REGIONAL INDICATOR SYMBOL LETTER P, REGIONAL INDICATOR SYMBOL LETTER E
1f1f5_1f1eb,REGIONAL INDICATOR SYMBOL LETTER P, REGIONAL INDICATOR SYMBOL LETTER F
1f1f5_1f1ec,REGIONAL INDICATOR SYMBOL LETTER P, REGIONAL INDICATOR SYMBOL LETTER G
1f1f5_1f1ed,REGIONAL INDICATOR SYMBOL LETTER P, REGIONAL INDICATOR SYMBOL LETTER H
1f1f5_1f1f0,REGIONAL INDICATOR SYMBOL LETTER P, REGIONAL INDICATOR SYMBOL LETTER K
1f1f5_1f1f1,REGIONAL INDICATOR SYMBOL LETTER P, REGIONAL INDICATOR SYMBOL LETTER L
1f1f5_1f1f2,REGIONAL INDICATOR SYMBOL LETTER P, REGIONAL INDICATOR SYMBOL LETTER M
1f1f5_1f1f3,REGIONAL INDICATOR SYMBOL LETTER P, REGIONAL INDICATOR SYMBOL LETTER N
1f1f5_1f1f7,REGIONAL INDICATOR SYMBOL LETTER P, REGIONAL INDICATOR SYMBOL LETTER R
1f1f5_1f1f8,REGIONAL INDICATOR SYMBOL LETTER P, REGIONAL INDICATOR SYMBOL LETTER S
1f1f5_1f1f9,REGIONAL INDICATOR SYMBOL LETTER P, REGIONAL INDICATOR SYMBOL LETTER T
1f1f5_1f1fc,REGIONAL INDICATOR SYMBOL LETTER P, REGIONAL INDICATOR SYMBOL LETTER W
1f1f5_1f1fe,REGIONAL INDICATOR SYMBOL LETTER P, REGIONAL INDICATOR SYMBOL LETTER Y
1f1f6_1f1e6,REGIONAL INDICATOR SYMBOL LETTER Q, REGIONAL INDICATOR SYMBOL LETTER A
1f1f7_1f1ea,REGIONAL INDICATOR SYMBOL LETTER R, REGIONAL INDICATOR SYMBOL LETTER E
1f1f7_1f1f4,REGIONAL INDICATOR SYMBOL LETTER R, REGIONAL INDICATOR SYMBOL LETTER O
1f1f7_1f1f8,REGIONAL INDICATOR SYMBOL LETTER R, REGIONAL INDICATOR SYMBOL LETTER S
1f1f7_1f1fa,REGIONAL INDICATOR SYMBOL LETTER R, REGIONAL INDICATOR SYMBOL LETTER U
1f1f7_1f1fc,REGIONAL INDICATOR SYMBOL LETTER R, REGIONAL INDICATOR SYMBOL LETTER W
1f1f8_1f1e6,REGIONAL INDICATOR SYMBOL LETTER S, REGIONAL INDICATOR SYMBOL LETTER A
1f1f8_1f1e7,REGIONAL INDICATOR SYMBOL LETTER S, REGIONAL INDICATOR SYMBOL LETTER B
1f1f8_1f1e8,REGIONAL INDICATOR SYMBOL LETTER S, REGIONAL INDICATOR SYMBOL LETTER C
1f1f8_1f1e9,REGIONAL INDICATOR SYMBOL LETTER S, REGIONAL INDICATOR SYMBOL LETTER D
1f1f8_1f1ea,REGIONAL INDICATOR SYMBOL LETTER S, REGIONAL INDICATOR SYMBOL LETTER E
1f1f8_1f1ec,REGIONAL INDICATOR SYMBOL LETTER S, REGIONAL INDICATOR SYMBOL LETTER G
1f1f8_1f1ed,REGIONAL INDICATOR SYMBOL LETTER S, REGIONAL INDICATOR SYMBOL LETTER H
1f1f8_1f1ee,REGIONAL INDICATOR SYMBOL LETTER S, REGIONAL INDICATOR SYMBOL LETTER I
1f1f8_1f1ef,REGIONAL INDICATOR SYMBOL LETTER S, REGIONAL INDICATOR SYMBOL LETTER J
1f1f8_1f1f0,REGIONAL INDICATOR SYMBOL LETTER S, REGIONAL INDICATOR SYMBOL LETTER K
1f1f8_1f1f1,REGIONAL INDICATOR SYMBOL LETTER S, REGIONAL INDICATOR SYMBOL LETTER L
1f1f8_1f1f2,REGIONAL INDICATOR SYMBOL LETTER S, REGIONAL INDICATOR SYMBOL LETTER M
1f1f8_1f1f3,REGIONAL INDICATOR SYMBOL LETTER S, REGIONAL INDICATOR SYMBOL LETTER N
1f1f8_1f1f4,REGIONAL INDICATOR SYMBOL LETTER S, REGIONAL INDICATOR SYMBOL LETTER O
1f1f8_1f1f7,REGIONAL INDICATOR SYMBOL LETTER S, REGIONAL INDICATOR SYMBOL LETTER R
1f1f8_1f1f8,REGIONAL INDICATOR SYMBOL LETTER S, REGIONAL INDICATOR SYMBOL LETTER S
1f1f8_1f1f9,REGIONAL INDICATOR SYMBOL LETTER S, REGIONAL INDICATOR SYMBOL LETTER T
1f1f8_1f1fb,REGIONAL INDICATOR SYMBOL LETTER S, REGIONAL INDICATOR SYMBOL LETTER V
1f1f8_1f1fd,REGIONAL INDICATOR SYMBOL LETTER S, REGIONAL INDICATOR SYMBOL LETTER X
1f1f8_1f1fe,REGIONAL INDICATOR SYMBOL LETTER S, REGIONAL INDICATOR SYMBOL LETTER Y
1f1f8_1f1ff,REGIONAL INDICATOR SYMBOL LETTER S, REGIONAL INDICATOR SYMBOL LETTER Z
1f1f9_1f1e6,REGIONAL INDICATOR SYMBOL LETTER T, REGIONAL INDICATOR SYMBOL LETTER A
1f1f9_1f1e8,REGIONAL INDICATOR SYMBOL LETTER T, REGIONAL INDICATOR SYMBOL LETTER C
1f1f9_1f1e9,REGIONAL INDICATOR SYMBOL LETTER T, REGIONAL INDICATOR SYMBOL LETTER D
1f1f9_1f1eb,REGIONAL INDICATOR SYMBOL LETTER T, REGIONAL INDICATOR SYMBOL LETTER F
1f1f9_1f1ec,REGIONAL INDICATOR SYMBOL LETTER T, REGIONAL INDICATOR SYMBOL LETTER G
1f1f9_1f1ed,REGIONAL INDICATOR SYMBOL LETTER T, REGIONAL INDICATOR SYMBOL LETTER H
1f1f9_1f1ef,REGIONAL INDICATOR SYMBOL LETTER T, REGIONAL INDICATOR SYMBOL LETTER J
1f1f9_1f1f0,REGIONAL INDICATOR SYMBOL LETTER T, REGIONAL INDICATOR SYMBOL LETTER K
1f1f9_1f1f1,REGIONAL INDICATOR SYMBOL LETTER T, REGIONAL INDICATOR SYMBOL LETTER L
1f1f9_1f1f2,REGIONAL INDICATOR SYMBOL LETTER T, REGIONAL INDICATOR SYMBOL LETTER M
1f1f9_1f1f3,REGIONAL INDICATOR SYMBOL LETTER T, REGIONAL INDICATOR SYMBOL LETTER N
1f1f9_1f1f4,REGIONAL INDICATOR SYMBOL LETTER T, REGIONAL INDICATOR SYMBOL LETTER O
1f1f9_1f1f7,REGIONAL INDICATOR SYMBOL LETTER T, REGIONAL INDICATOR SYMBOL LETTER R
1f1f9_1f1f9,REGIONAL INDICATOR SYMBOL LETTER T, REGIONAL INDICATOR SYMBOL LETTER T
1f1f9_1f1fb,REGIONAL INDICATOR SYMBOL LETTER T, REGIONAL INDICATOR SYMBOL LETTER V
1f1f9_1f1fc,REGIONAL INDICATOR SYMBOL LETTER T, REGIONAL INDICATOR SYMBOL LETTER W
1f1f9_1f1ff,REGIONAL INDICATOR SYMBOL LETTER T, REGIONAL INDICATOR SYMBOL LETTER Z
1f1fa_1f1e6,REGIONAL INDICATOR SYMBOL LETTER U, REGIONAL INDICATOR SYMBOL LETTER A
1f1fa_1f1ec,REGIONAL INDICATOR SYMBOL LETTER U, REGIONAL INDICATOR SYMBOL LETTER G
1f1fa_1f1f2,REGIONAL INDICATOR SYMBOL LETTER U, REGIONAL INDICATOR SYMBOL LETTER M
1f1fa_1f1f8,REGIONAL INDICATOR SYMBOL LETTER U, REGIONAL INDICATOR SYMBOL LETTER S
1f1fa_1f1fe,REGIONAL INDICATOR SYMBOL LETTER U, REGIONAL INDICATOR SYMBOL LETTER Y
1f1fa_1f1ff,REGIONAL INDICATOR SYMBOL LETTER U, REGIONAL INDICATOR SYMBOL LETTER Z
1f1fb_1f1e6,REGIONAL INDICATOR SYMBOL LETTER V, REGIONAL INDICATOR SYMBOL LETTER A
1f1fb_1f1e8,REGIONAL INDICATOR SYMBOL LETTER V, REGIONAL INDICATOR SYMBOL LETTER C
1f1fb_1f1ea,REGIONAL INDICATOR SYMBOL LETTER V, REGIONAL INDICATOR SYMBOL LETTER E
1f1fb_1f1ec,REGIONAL INDICATOR SYMBOL LETTER V, REGIONAL INDICATOR SYMBOL LETTER G
1f1fb_1f1ee,REGIONAL INDICATOR SYMBOL LETTER V, REGIONAL INDICATOR SYMBOL LETTER I
1f1fb_1f1f3,REGIONAL INDICATOR SYMBOL LETTER V, REGIONAL INDICATOR SYMBOL LETTER N
1f1fb_1f1fa,REGIONAL INDICATOR SYMBOL LETTER V, REGIONAL INDICATOR SYMBOL LETTER U
1f1fc_1f1eb,REGIONAL INDICATOR SYMBOL LETTER W, REGIONAL INDICATOR SYMBOL LETTER F
1f1fc_1f1f8,REGIONAL INDICATOR SYMBOL LETTER W, REGIONAL INDICATOR SYMBOL LETTER S
1f1fd_1f1f0,REGIONAL INDICATOR SYMBOL LETTER X, REGIONAL INDICATOR SYMBOL LETTER K
1f1fe_1f1ea,REGIONAL INDICATOR SYMBOL LETTER Y, REGIONAL INDICATOR SYMBOL LETTER E
1f1fe_1f1f9,REGIONAL INDICATOR SYMBOL LETTER Y, REGIONAL INDICATOR SYMBOL LETTER T
1f1ff_1f1e6,REGIONAL INDICATOR SYMBOL LETTER Z, REGIONAL INDICATOR SYMBOL LETTER A
1f1ff_1f1f2,REGIONAL INDICATOR SYMBOL LETTER Z, REGIONAL INDICATOR SYMBOL LETTER M
1f1ff_1f1fc,REGIONAL INDICATOR SYMBOL LETTER Z, REGIONAL INDICATOR SYMBOL LETTER W
